class,cap-shape,cap-surface,cap-color,gill-spacing,gill-color,stalk-shape,stalk-root
p,x,s,n,c,k,e,e
e,x,s,y,c,k,e,c
e,b,s,w,c,n,e,c
p,x,y,w,c,n,e,e
e,x,s,g,w,k,t,e
e,x,y,y,c,n,e,c
e,b,s,w,c,g,e,c
e,b,y,w,c,n,e,c
p,x,y,w,c,p,e,e
e,b,s,y,c,g,e,c
e,x,y,y,c,g,e,c
e,x,y,y,c,n,e,c
e,b,s,y,c,w,e,c
p,x,y,w,c,k,e,e
e,x,f,n,w,n,t,e
e,s,f,g,c,k,e,e
e,f,f,w,w,k,t,e
p,x,s,n,c,n,e,e
p,x,y,w,c,n,e,e
p,x,s,n,c,k,e,e
e,b,s,y,c,k,e,c
p,x,y,n,c,n,e,e
e,b,y,y,c,k,e,c
e,b,y,w,c,w,e,c
e,b,s,w,c,g,e,c
p,f,s,w,c,n,e,e
e,x,y,y,c,n,e,c
e,x,y,w,c,w,e,c
e,f,f,n,c,k,e,e
e,x,s,y,w,n,t,b
e,b,s,y,c,g,e,c
p,x,y,w,c,k,e,e
e,x,y,y,c,n,e,c
e,x,y,n,c,p,e,r
e,b,y,y,c,n,e,c
e,x,f,y,w,w,t,b
e,s,f,g,c,k,e,e
p,x,y,n,c,w,e,e
e,x,f,y,w,p,t,b
e,b,s,y,c,k,e,c
e,b,y,y,c,n,e,c
e,x,y,y,c,n,e,r
e,x,f,n,c,g,e,e
p,x,y,w,c,p,e,e
e,x,s,y,c,w,e,c
e,x,y,w,c,n,e,c
e,x,y,y,c,k,e,c
e,x,s,w,c,w,e,c
e,x,y,y,c,n,e,r
e,f,y,y,c,w,e,r
e,x,y,n,c,w,e,r
e,x,s,w,c,k,e,c
e,b,s,w,c,k,e,c
p,x,y,n,c,k,e,e
p,x,s,w,c,k,e,e
e,b,y,y,c,w,e,c
e,f,f,g,w,n,t,e
e,b,s,w,c,w,e,c
e,x,s,y,c,k,e,c
e,x,y,n,c,p,e,r
e,s,f,g,c,k,e,e
e,b,y,y,c,k,e,c
e,b,s,y,c,g,e,c
e,b,y,y,c,g,e,c
e,b,y,w,c,n,e,c
e,f,s,n,w,k,t,e
e,x,s,w,c,n,e,c
e,f,y,y,c,w,e,r
e,x,y,y,c,w,e,c
e,x,f,g,c,p,e,e
e,f,f,y,w,p,t,b
e,b,y,w,c,g,e,c
e,f,f,y,w,w,t,b
e,x,y,n,c,p,e,r
e,b,s,y,c,k,e,c
e,f,s,y,w,p,t,b
e,x,s,w,w,n,t,b
e,f,y,n,c,p,e,r
p,x,y,n,c,w,e,e
e,f,y,n,c,n,e,r
e,x,s,n,w,k,t,e
p,x,y,w,c,w,e,e
e,f,f,g,c,n,e,e
e,x,f,g,w,n,t,e
e,x,y,y,c,w,e,r
e,x,s,n,w,k,t,e
e,b,s,w,c,w,e,c
e,x,s,w,c,n,e,c
e,f,y,n,c,w,e,r
e,s,f,n,c,n,e,e
e,x,f,n,c,n,e,e
e,b,s,w,c,k,e,c
e,x,y,y,c,g,e,c
e,x,y,y,c,g,e,c
e,x,s,n,w,n,t,e
e,x,s,w,c,g,e,c
e,f,y,n,c,p,e,r
e,x,s,y,c,n,e,c
e,b,s,w,c,g,e,c
e,x,y,w,c,g,e,c
e,x,f,n,w,p,t,e
e,b,s,y,c,n,e,c
e,f,y,y,c,w,e,r
e,x,y,y,c,n,e,r
e,b,y,w,c,g,e,c
e,x,y,y,c,n,e,c
e,x,y,y,c,w,e,r
e,b,y,w,c,n,e,c
e,b,y,w,c,g,e,c
e,x,s,y,c,k,e,c
e,x,s,y,c,w,e,c
e,s,f,g,c,g,e,e
e,x,f,w,w,w,t,b
e,x,s,y,c,n,e,c
p,x,y,w,c,n,e,e
e,x,y,y,c,p,e,r
e,s,f,g,c,p,e,e
e,x,y,y,c,w,e,r
e,x,s,y,w,p,t,b
e,s,f,n,c,k,e,e
p,x,s,w,c,k,e,e
e,x,y,w,c,g,e,c
p,f,y,n,c,p,e,e
e,f,s,g,w,k,t,e
e,x,s,y,c,g,e,c
e,x,s,w,w,n,t,e
e,b,s,y,c,w,e,c
e,f,f,g,w,h,t,e
e,x,s,w,c,n,e,c
e,b,s,w,c,n,e,c
e,b,s,w,c,w,e,c
e,b,y,w,c,w,e,c
e,f,s,w,w,w,t,b
e,x,y,y,c,g,e,c
e,f,s,w,w,p,t,b
p,x,y,w,c,w,e,e
e,f,f,w,w,w,t,b
e,x,y,y,c,n,e,c
p,x,s,n,c,p,e,e
e,b,s,y,c,w,e,c
e,x,y,n,c,w,e,r
e,b,y,y,c,g,e,c
e,s,f,n,c,k,e,e
e,f,y,n,c,w,e,r
e,x,y,y,c,k,e,c
e,x,f,g,w,k,t,e
e,f,f,w,w,k,t,e
e,x,y,y,c,w,e,c
e,b,s,y,c,k,e,c
e,b,y,w,c,g,e,c
e,x,y,w,c,w,e,c
e,x,s,n,w,p,t,e
e,x,y,w,c,g,e,c
e,s,f,n,c,k,e,e
e,x,s,w,w,w,t,b
e,x,y,n,c,w,e,r
e,b,y,y,c,k,e,c
e,x,y,w,c,k,e,c
e,b,y,w,c,n,e,c
e,b,s,y,c,g,e,c
e,b,s,y,c,g,e,c
e,b,y,y,c,n,e,c
e,x,f,n,c,k,e,e
e,f,y,n,c,n,e,r
e,x,y,w,c,k,e,c
e,f,y,y,c,w,e,r
e,b,s,w,c,w,e,c
e,b,s,w,c,w,e,c
e,x,y,n,c,w,e,r
e,b,s,w,c,k,e,c
e,x,f,g,c,g,e,e
e,b,s,y,c,k,e,c
e,x,f,y,w,n,t,b
e,b,y,y,c,w,e,c
e,f,y,y,c,p,e,r
e,b,y,w,c,w,e,c
e,b,y,w,c,k,e,c
e,b,y,y,c,g,e,c
e,x,y,y,c,g,e,c
e,b,s,y,c,g,e,c
p,x,y,w,c,p,e,e
e,s,f,n,c,g,e,e
e,f,f,n,c,g,e,e
e,x,s,y,c,g,e,c
e,f,y,n,c,p,e,r
p,x,y,w,c,k,e,e
e,b,s,w,c,g,e,c
e,f,f,g,c,p,e,e
e,b,y,y,c,g,e,c
e,x,y,n,c,w,e,r
e,x,f,w,w,p,t,e
e,x,s,w,w,w,t,b
e,b,s,w,c,w,e,c
e,f,s,y,w,w,t,b
e,x,s,y,c,k,e,c
e,f,f,g,c,g,e,e
e,b,s,y,c,n,e,c
e,x,s,w,c,g,e,c
e,x,y,w,c,n,e,c
e,f,s,w,w,n,t,b
e,x,y,y,c,w,e,c
e,b,s,w,c,w,e,c
e,x,s,w,c,g,e,c
e,x,f,w,w,h,t,e
e,f,y,n,c,n,e,r
p,x,s,w,c,k,e,e
e,b,s,w,c,n,e,c
e,b,s,w,c,k,e,c
e,b,y,w,c,n,e,c
e,b,y,w,c,w,e,c
e,x,s,y,c,w,e,c
e,b,s,w,c,w,e,c
e,x,f,y,w,n,t,b
e,x,f,g,c,n,e,e
e,f,y,y,c,n,e,r
e,b,s,w,c,n,e,c
e,x,s,y,c,g,e,c
e,x,y,y,c,k,e,c
e,x,y,w,c,w,e,c
e,s,f,g,c,p,e,e
e,x,s,w,c,n,e,c
p,x,s,w,c,k,e,e
e,x,y,y,c,n,e,r
e,f,f,w,w,p,t,b
e,x,y,w,c,g,e,c
e,b,y,w,c,n,e,c
e,x,s,w,c,g,e,c
e,x,s,y,c,g,e,c
p,x,y,n,c,p,e,e
e,b,s,y,c,n,e,c
e,x,f,g,c,n,e,e
p,x,y,w,c,k,e,e
e,x,y,y,c,n,e,r
e,f,f,n,c,k,e,e
e,b,s,w,c,k,e,c
e,x,f,w,w,w,t,b
e,x,y,w,c,w,e,c
e,b,y,y,c,n,e,c
e,x,y,y,c,n,e,r
e,f,y,y,c,p,e,r
e,f,y,y,c,w,e,r
e,x,s,w,c,w,e,c
e,x,s,w,c,w,e,c
p,x,s,w,c,n,e,e
e,f,f,w,w,p,t,b
e,x,s,w,c,w,e,c
e,x,s,w,w,p,t,b
e,x,y,w,c,n,e,c
e,f,y,y,c,w,e,r
e,x,s,n,w,p,t,e
e,f,y,y,c,w,e,r
p,x,s,n,c,p,e,e
e,s,f,n,c,g,e,e
e,b,y,y,c,w,e,c
e,b,s,w,c,n,e,c
e,b,y,w,c,k,e,c
e,f,f,n,c,k,e,e
e,x,s,w,c,w,e,c
e,b,y,w,c,g,e,c
e,b,y,w,c,g,e,c
e,f,y,n,c,w,e,r
p,x,y,w,c,k,e,e
e,x,s,w,c,n,e,c
e,x,y,w,c,n,e,c
e,f,f,w,w,w,t,b
e,f,f,g,c,g,e,e
e,f,s,g,w,p,t,e
e,x,y,y,c,g,e,c
e,b,s,w,c,k,e,c
p,f,y,n,c,w,e,e
e,x,s,w,c,n,e,c
p,f,s,n,c,w,e,e
e,x,y,w,c,k,e,c
e,x,y,y,c,k,e,c
e,f,y,y,c,n,e,r
e,x,y,n,c,w,e,r
e,f,y,n,c,w,e,r
e,x,y,w,c,w,e,c
e,f,f,n,w,h,t,e
e,x,s,y,c,k,e,c
p,x,y,w,c,w,e,e
e,b,y,y,c,n,e,c
e,s,f,n,c,p,e,e
e,x,s,y,c,k,e,c
e,b,y,w,c,n,e,c
e,f,y,n,c,n,e,r
e,b,y,y,c,g,e,c
e,b,y,w,c,g,e,c
e,x,y,n,c,n,e,r
e,f,f,g,c,p,e,e
e,x,f,g,c,g,e,e
e,b,y,y,c,n,e,c
e,x,s,y,c,n,e,c
e,b,y,w,c,k,e,c
e,x,s,w,c,g,e,c
e,b,s,y,c,g,e,c
e,x,s,y,c,k,e,c
e,x,f,g,w,p,t,e
e,f,s,y,w,p,t,b
p,x,y,w,c,p,e,e
e,x,f,w,w,k,t,e
e,b,y,w,c,w,e,c
e,x,s,y,w,w,t,b
e,b,y,w,c,n,e,c
e,x,y,w,c,g,e,c
e,x,f,n,c,p,t,b
e,b,y,w,c,k,e,c
e,x,s,y,c,g,e,c
e,f,y,n,c,p,e,r
e,x,f,w,w,n,t,e
e,x,s,y,c,w,e,c
p,x,y,w,c,n,e,e
e,x,y,y,c,n,e,c
e,x,f,w,w,p,t,b
e,b,s,y,c,g,e,c
p,x,y,w,c,k,e,e
e,x,s,y,w,w,t,b
e,x,y,w,c,k,e,c
e,x,f,w,w,n,t,b
e,f,s,w,w,w,t,b
e,x,y,y,c,k,e,c
e,f,f,y,w,w,t,b
e,x,s,w,c,w,e,c
e,b,y,y,c,n,e,c
e,x,y,n,c,p,e,r
e,b,y,w,c,k,e,c
e,x,s,y,c,n,e,c
p,x,y,n,c,n,e,e
e,b,s,y,c,w,e,c
e,b,y,w,c,g,e,c
p,x,y,n,c,w,e,e
e,b,s,w,c,n,e,c
e,b,y,y,c,w,e,c
e,b,y,y,c,n,e,c
e,x,y,w,c,g,e,c
e,x,f,n,c,p,t,b
e,x,y,n,c,w,e,r
e,b,s,y,c,n,e,c
e,x,f,g,c,g,e,e
e,x,y,n,c,n,e,r
e,x,s,w,c,k,e,c
e,b,y,w,c,n,e,c
e,x,s,y,c,g,e,c
e,f,f,y,w,p,t,b
e,b,y,y,c,g,e,c
e,x,f,n,w,n,t,e
e,x,f,y,w,n,t,b
e,x,s,y,c,n,e,c
e,f,s,g,w,n,t,e
e,x,f,n,c,g,e,e
e,f,s,g,w,h,t,e
e,f,y,n,c,p,e,r
e,b,y,w,c,k,e,c
e,b,s,y,c,k,e,c
e,x,y,y,c,w,e,r
e,s,f,g,c,g,e,e
e,f,y,n,c,p,e,r
p,x,y,n,c,k,e,e
e,x,y,y,c,p,e,r
e,x,y,y,c,w,e,c
e,x,f,n,w,h,t,e
e,x,f,n,w,p,t,e
e,f,s,n,w,k,t,e
e,f,y,n,c,n,e,r
e,x,s,y,c,w,e,c
e,f,f,n,c,p,e,e
e,x,y,y,c,w,e,r
e,x,f,y,w,p,t,b
e,b,y,y,c,g,e,c
e,x,f,g,w,n,t,e
e,x,y,y,c,w,e,r
e,f,y,n,c,n,e,r
e,x,s,y,c,w,e,c
e,s,f,n,c,n,e,e
e,x,s,w,c,k,e,c
e,b,s,w,c,n,e,c
e,s,f,n,c,k,e,e
e,b,y,y,c,n,e,c
e,x,y,y,c,k,e,c
e,b,y,y,c,k,e,c
p,x,y,n,c,p,e,e
e,x,s,w,w,k,t,e
e,x,y,w,c,w,e,c
e,b,s,w,c,g,e,c
e,x,f,n,c,n,t,b
p,x,s,n,c,w,e,e
e,x,y,n,c,w,e,r
e,x,s,n,w,n,t,e
e,b,y,y,c,n,e,c
e,x,s,y,c,w,e,c
e,b,s,y,c,n,e,c
e,x,s,y,c,g,e,c
e,b,y,w,c,n,e,c
e,x,f,g,c,k,e,e
e,f,y,n,c,w,e,r
e,x,f,g,w,h,t,e
e,x,s,w,c,k,e,c
e,x,y,y,c,w,e,c
e,x,f,g,c,n,e,e
p,x,s,n,c,p,e,e
e,b,y,w,c,w,e,c
e,b,y,w,c,n,e,c
p,x,y,n,c,p,e,e
e,b,s,y,c,w,e,c
e,x,s,w,c,k,e,c
e,x,y,y,c,n,e,c
e,b,y,y,c,n,e,c
e,x,s,w,c,g,e,c
e,x,s,w,c,g,e,c
e,x,y,n,c,w,e,r
e,x,s,w,c,w,e,c
e,x,s,n,w,n,t,e
e,x,y,n,c,n,e,r
e,x,y,y,c,n,e,r
p,x,y,n,c,k,e,e
e,b,y,y,c,w,e,c
e,x,f,w,w,p,t,b
p,x,s,n,c,w,e,e
e,x,y,y,c,k,e,c
e,f,f,g,w,h,t,e
e,x,y,w,c,n,e,c
e,b,y,w,c,w,e,c
p,x,y,n,c,p,e,e
e,f,y,n,c,w,e,r
e,x,s,w,c,n,e,c
e,x,s,w,w,n,t,b
e,f,y,n,c,n,e,r
e,b,s,w,c,k,e,c
e,x,s,w,w,p,t,e
e,f,f,g,c,n,e,e
e,x,y,w,c,g,e,c
e,x,y,y,c,n,e,r
e,b,s,y,c,g,e,c
e,b,s,y,c,w,e,c
e,f,s,w,w,n,t,b
e,b,s,w,c,w,e,c
e,x,f,y,w,n,t,b
e,x,y,w,c,g,e,c
e,b,y,y,c,k,e,c
e,x,y,n,c,p,e,r
e,x,y,w,c,n,e,c
e,x,y,w,c,g,e,c
e,x,y,y,c,p,e,r
e,x,y,w,c,n,e,c
e,x,s,y,c,w,e,c
e,x,y,n,c,p,e,r
e,x,s,w,c,n,e,c
e,f,y,n,c,n,e,r
e,b,s,w,c,w,e,c
e,x,f,n,c,n,t,b
e,x,y,w,c,k,e,c
e,b,s,w,c,g,e,c
e,b,s,y,c,g,e,c
e,x,f,y,w,p,t,b
e,b,s,w,c,g,e,c
e,x,s,g,w,h,t,e
e,b,s,w,c,k,e,c
e,b,s,y,c,w,e,c
e,f,y,y,c,n,e,r
e,f,y,n,c,w,e,r
e,x,s,w,c,k,e,c
e,f,y,y,c,n,e,r
e,b,s,w,c,g,e,c
e,x,y,y,c,w,e,c
e,x,f,n,c,k,e,e
e,f,y,n,c,p,e,r
e,x,s,w,c,g,e,c
e,x,s,y,c,g,e,c
e,b,y,y,c,g,e,c
e,f,y,y,c,w,e,r
e,x,y,y,c,g,e,c
e,x,y,w,c,w,e,c
e,f,f,w,w,n,t,b
e,s,f,g,c,k,e,e
e,f,s,y,w,n,t,b
e,f,f,g,c,k,e,e
e,x,f,n,c,p,e,e
e,b,y,w,c,w,e,c
e,x,s,w,w,p,t,b
e,b,y,y,c,n,e,c
e,b,y,y,c,k,e,c
e,b,y,y,c,g,e,c
e,f,s,w,w,p,t,b
e,f,f,g,c,g,e,e
e,f,s,w,w,w,t,b
e,f,y,y,c,p,e,r
e,x,y,w,c,w,e,c
e,s,f,n,c,p,e,e
e,x,y,n,c,n,e,r
e,x,y,n,c,n,e,r
e,f,f,y,w,n,t,b
p,f,s,n,c,p,e,e
p,x,s,n,c,k,e,e
e,f,y,n,c,w,e,r
e,x,y,y,c,w,e,r
e,b,s,y,c,k,e,c
e,f,f,w,w,h,t,e
e,f,y,n,c,p,e,r
e,x,y,w,c,n,e,c
e,b,s,y,c,w,e,c
e,x,s,y,c,w,e,c
e,b,y,y,c,g,e,c
e,x,s,w,c,g,e,c
e,b,s,y,c,w,e,c
e,b,y,y,c,w,e,c
p,x,s,n,c,n,e,e
e,x,s,g,w,p,t,e
e,f,s,n,w,p,t,e
e,x,f,w,w,n,t,b
e,f,f,g,c,p,e,e
e,f,f,n,c,k,e,e
e,b,y,y,c,k,e,c
e,x,f,w,w,n,t,b
e,s,f,g,c,n,e,e
e,x,f,n,c,k,e,e
e,x,f,w,w,h,t,e
e,x,y,n,c,n,e,r
e,b,s,y,c,k,e,c
e,x,y,w,c,k,e,c
e,x,y,y,c,k,e,c
e,x,s,w,c,w,e,c
e,b,s,w,c,n,e,c
e,f,y,y,c,p,e,r
p,x,s,n,c,n,e,e
e,f,f,g,c,n,e,e
e,b,s,y,c,w,e,c
e,f,y,n,c,w,e,r
e,x,s,y,c,k,e,c
e,x,f,n,c,k,e,e
e,f,y,y,c,w,e,r
e,x,y,n,c,n,e,r
e,x,s,w,c,n,e,c
p,x,y,w,c,n,e,e
e,f,y,n,c,w,e,r
p,f,s,n,c,k,e,e
e,x,f,w,w,k,t,e
e,b,y,w,c,k,e,c
e,s,f,n,c,p,e,e
e,x,y,y,c,g,e,c
e,f,s,w,w,p,t,b
e,x,s,y,c,n,e,c
e,f,f,g,w,p,t,e
p,x,y,w,c,n,e,e
e,x,y,y,c,p,e,r
e,f,f,n,w,n,t,e
e,x,s,w,c,w,e,c
e,b,y,y,c,g,e,c
e,f,f,g,c,g,e,e
e,x,f,y,w,p,t,b
e,x,s,y,c,g,e,c
e,f,f,n,c,n,e,e
e,x,f,g,w,h,t,e
e,x,y,y,c,p,e,r
e,f,s,w,w,p,t,b
e,x,s,y,c,k,e,c
e,f,y,y,c,p,e,r
p,x,y,n,c,k,e,e
e,x,f,w,w,w,t,b
e,x,s,w,c,w,e,c
e,x,y,y,c,g,e,c
e,b,s,y,c,g,e,c
e,x,s,y,w,w,t,b
e,x,s,y,w,n,t,b
e,x,f,w,w,n,t,e
e,b,s,w,c,w,e,c
p,x,y,w,c,w,e,e
e,x,y,y,c,g,e,c
e,f,s,g,w,k,t,e
p,x,s,n,c,n,e,e
e,b,y,w,c,w,e,c
e,x,s,w,c,k,e,c
e,f,f,y,w,n,t,b
e,x,s,y,c,k,e,c
e,b,y,w,c,w,e,c
e,x,y,n,c,w,e,r
e,x,s,y,c,w,e,c
e,x,f,n,c,p,e,e
e,x,s,y,c,n,e,c
e,x,y,y,c,w,e,r
p,x,s,n,c,w,e,e
e,x,s,w,c,g,e,c
e,x,s,y,c,w,e,c
e,x,y,w,c,k,e,c
e,x,y,y,c,n,e,r
e,f,y,y,c,w,e,r
e,x,y,w,c,k,e,c
e,s,f,g,c,g,e,e
e,f,f,n,c,n,e,e
e,s,f,g,c,n,e,e
e,x,y,w,c,n,e,c
p,x,s,w,c,k,e,e
e,x,s,g,w,h,t,e
e,x,y,y,c,g,e,c
p,x,y,w,c,k,e,e
e,x,s,y,c,g,e,c
p,x,s,n,c,p,e,e
e,b,s,y,c,n,e,c
e,b,y,w,c,g,e,c
p,x,y,w,c,p,e,e
p,x,s,n,c,n,e,e
e,x,s,g,w,n,t,e
e,x,y,n,c,w,e,r
e,f,f,w,w,k,t,e
e,f,y,n,c,n,e,r
e,b,y,w,c,w,e,c
e,b,s,w,c,n,e,c
e,x,s,g,w,n,t,e
e,f,y,n,c,n,e,r
e,x,s,w,c,w,e,c
e,f,f,g,c,n,e,e
e,f,s,n,w,h,t,e
e,x,f,g,w,n,t,e
e,f,s,w,w,p,t,e
p,x,s,w,c,k,e,e
e,x,y,y,c,p,e,r
e,b,s,w,c,g,e,c
e,f,f,g,w,p,t,e
e,b,y,w,c,g,e,c
e,b,s,y,c,n,e,c
e,s,f,g,c,n,e,e
e,f,y,y,c,p,e,r
e,b,s,w,c,w,e,c
e,x,f,w,w,n,t,b
e,f,y,y,c,n,e,r
e,f,f,g,c,p,e,e
e,x,s,w,c,g,e,c
e,f,f,y,w,w,t,b
e,s,f,g,c,p,e,e
e,b,y,w,c,g,e,c
e,b,s,w,c,k,e,c
e,f,f,n,w,n,t,e
e,b,y,y,c,k,e,c
e,x,f,n,c,n,t,b
e,x,y,n,c,n,e,r
e,x,y,n,c,p,e,r
e,b,y,y,c,w,e,c
e,f,y,y,c,p,e,r
e,x,y,y,c,n,e,c
e,x,s,n,w,h,t,e
e,x,y,w,c,g,e,c
e,b,y,y,c,w,e,c
e,x,y,n,c,n,e,r
e,f,y,n,c,w,e,r
e,f,y,n,c,w,e,r
e,f,y,y,c,n,e,r
e,x,s,y,w,n,t,b
e,b,y,w,c,g,e,c
e,b,s,w,c,k,e,c
e,x,y,y,c,n,e,c
e,f,f,w,w,p,t,b
e,x,s,y,c,n,e,c
e,b,s,y,c,n,e,c
e,f,y,y,c,w,e,r
p,x,y,n,c,w,e,e
p,x,y,w,c,w,e,e
e,x,s,y,c,g,e,c
e,f,f,w,w,k,t,e
e,b,s,y,c,g,e,c
e,x,y,y,c,w,e,r
e,f,f,g,c,k,e,e
e,b,s,w,c,n,e,c
e,x,s,w,c,k,e,c
p,x,y,n,c,n,e,e
p,x,s,n,c,k,e,e
e,b,s,w,c,g,e,c
e,b,s,y,c,w,e,c
e,f,y,n,c,w,e,r
e,x,y,y,c,p,e,r
e,f,y,y,c,n,e,r
e,x,y,w,c,w,e,c
e,x,s,y,c,k,e,c
e,f,f,n,c,p,e,e
e,f,f,n,w,p,t,e
e,x,f,y,w,w,t,b
e,f,y,y,c,w,e,r
e,f,f,n,c,g,e,e
e,f,f,g,c,k,e,e
e,x,y,n,c,n,e,r
e,x,y,y,c,w,e,r
e,b,s,w,c,g,e,c
e,x,s,w,w,n,t,b
e,x,y,w,c,n,e,c
e,x,f,y,w,w,t,b
e,b,s,y,c,w,e,c
e,x,f,n,c,p,t,b
e,x,y,w,c,g,e,c
e,f,f,g,c,k,e,e
e,b,y,w,c,n,e,c
e,x,y,y,c,w,e,c
e,x,s,w,c,k,e,c
e,b,s,y,c,w,e,c
e,b,y,w,c,k,e,c
e,x,y,n,c,p,e,r
e,f,s,g,w,k,t,e
p,x,y,n,c,p,e,e
e,b,y,w,c,n,e,c
e,b,s,y,c,w,e,c
p,x,y,n,c,w,e,e
p,x,s,n,c,p,e,e
e,f,s,n,w,n,t,e
p,x,s,n,c,w,e,e
e,f,f,g,w,h,t,e
e,x,y,y,c,n,e,r
e,b,y,w,c,k,e,c
e,f,y,y,c,p,e,r
e,f,y,y,c,p,e,r
e,b,y,y,c,k,e,c
e,s,f,n,c,p,e,e
e,x,s,w,c,k,e,c
e,b,y,y,c,g,e,c
e,f,y,y,c,w,e,r
e,f,s,n,w,p,t,e
e,x,s,w,c,w,e,c
e,b,y,y,c,w,e,c
e,b,y,y,c,k,e,c
e,b,y,y,c,n,e,c
e,b,s,w,c,k,e,c
e,x,y,y,c,n,e,r
e,x,y,n,c,n,e,r
e,s,f,n,c,g,e,e
e,f,y,n,c,n,e,r
e,x,s,w,c,k,e,c
e,f,s,y,w,w,t,b
e,x,s,n,w,p,t,e
e,f,y,y,c,n,e,r
p,x,y,n,c,k,e,e
e,x,s,w,c,w,e,c
e,x,f,w,w,h,t,e
e,b,s,w,c,n,e,c
e,x,y,w,c,w,e,c
e,f,y,y,c,w,e,r
e,x,f,n,w,n,t,e
p,x,s,w,c,k,e,e
p,x,y,w,c,p,e,e
e,x,y,w,c,g,e,c
e,b,y,w,c,w,e,c
e,x,f,w,w,w,t,b
p,x,y,w,c,w,e,e
e,x,s,w,c,g,e,c
e,x,f,g,c,p,e,e
e,x,f,n,c,p,e,e
e,b,s,w,c,n,e,c
e,x,y,n,c,p,e,r
e,b,y,w,c,k,e,c
e,f,y,y,c,n,e,r
e,x,y,w,c,n,e,c
e,b,y,w,c,w,e,c
e,b,y,w,c,w,e,c
p,x,s,n,c,w,e,e
e,f,s,y,w,n,t,b
e,x,y,n,c,n,e,r
e,b,s,y,c,k,e,c
e,f,s,w,w,n,t,b
e,b,y,y,c,w,e,c
e,b,y,y,c,k,e,c
e,b,s,y,c,n,e,c
e,f,y,y,c,n,e,r
e,x,s,w,w,n,t,e
e,b,y,y,c,w,e,c
e,x,y,n,c,n,e,r
e,b,s,w,c,g,e,c
e,f,y,n,c,p,e,r
e,x,s,w,c,g,e,c
e,x,f,n,c,g,e,e
e,x,y,n,c,w,e,r
e,f,f,g,w,k,t,e
e,x,s,w,w,p,t,b
e,f,f,n,c,g,e,e
e,b,y,y,c,g,e,c
e,b,s,w,c,k,e,c
e,x,s,w,c,w,e,c
e,b,s,y,c,k,e,c
e,x,y,y,c,k,e,c
e,x,s,y,w,p,t,b
e,f,f,g,w,h,t,e
e,x,y,y,c,p,e,r
p,x,y,n,c,k,e,e
e,x,y,n,c,p,e,r
e,x,s,y,c,n,e,c
e,b,y,w,c,w,e,c
e,x,y,y,c,w,e,c
e,s,f,n,c,g,e,e
e,b,y,y,c,w,e,c
e,x,s,w,c,n,e,c
e,x,s,w,c,w,e,c
p,x,s,n,c,w,e,e
e,x,f,n,c,n,e,e
e,x,y,y,c,w,e,c
p,x,y,n,c,k,e,e
e,x,y,y,c,p,e,r
e,b,y,y,c,k,e,c
e,f,y,n,c,p,e,r
e,x,y,w,c,k,e,c
e,x,s,y,c,n,e,c
p,x,y,n,c,p,e,e
p,x,y,n,c,n,e,e
e,b,y,y,c,n,e,c
e,x,s,w,w,h,t,e
p,x,s,w,c,k,e,e
e,x,y,n,c,w,e,r
e,b,s,w,c,n,e,c
e,x,y,y,c,w,e,c
p,x,s,n,c,n,e,e
e,b,y,y,c,w,e,c
e,b,y,w,c,k,e,c
e,f,y,y,c,w,e,r
e,b,y,w,c,k,e,c
e,x,y,y,c,p,e,r
e,b,s,y,c,n,e,c
e,x,s,y,w,p,t,b
e,b,s,y,c,g,e,c
e,b,s,y,c,n,e,c
p,x,y,w,c,p,e,e
p,x,y,w,c,w,e,e
p,x,s,n,c,k,e,e
e,x,s,w,c,n,e,c
e,x,y,n,c,p,e,r
e,x,y,y,c,n,e,r
e,x,s,w,w,w,t,b
e,b,y,w,c,k,e,c
e,b,s,y,c,w,e,c
e,x,f,g,c,k,e,e
e,b,s,y,c,n,e,c
e,x,s,w,c,g,e,c
e,x,y,n,c,w,e,r
e,x,y,y,c,w,e,c
e,f,f,w,w,n,t,b
e,f,f,w,w,w,t,b
e,x,s,w,c,g,e,c
e,f,s,y,w,p,t,b
e,s,f,g,c,p,e,e
e,f,f,y,w,w,t,b
e,x,y,n,c,p,e,r
e,x,y,y,c,w,e,r
e,x,y,y,c,p,e,r
p,x,s,n,c,k,e,e
e,x,s,y,c,n,e,c
p,x,y,w,c,p,e,e
e,x,y,y,c,w,e,c
e,x,y,w,c,w,e,c
e,f,s,y,w,w,t,b
p,x,y,n,c,w,e,e
e,b,s,w,c,n,e,c
e,s,f,g,c,n,e,e
e,x,s,y,c,g,e,c
e,x,f,g,w,k,t,e
e,x,y,y,c,n,e,c
e,b,y,w,c,g,e,c
e,b,s,y,c,k,e,c
e,x,s,w,w,w,t,b
e,b,s,w,c,k,e,c
e,f,y,n,c,p,e,r
e,s,f,g,c,g,e,e
e,x,f,w,w,p,t,e
e,s,f,n,c,n,e,e
e,f,y,n,c,p,e,r
e,f,s,y,w,n,t,b
e,b,s,y,c,n,e,c
e,b,s,y,c,k,e,c
p,x,s,n,c,p,e,e
e,f,y,n,c,w,e,r
e,x,s,y,c,w,e,c
e,f,y,y,c,p,e,r
e,x,y,w,c,g,e,c
e,x,y,y,c,w,e,c
e,x,y,y,c,k,e,c
e,f,f,n,c,n,e,e
e,f,y,y,c,p,e,r
e,x,f,g,c,p,e,e
e,x,s,y,c,k,e,c
e,f,y,n,c,p,e,r
e,x,s,y,c,w,e,c
e,x,y,y,c,k,e,c
e,x,f,n,c,n,t,b
e,x,s,w,c,n,e,c
e,x,y,y,c,p,e,r
e,x,y,w,c,k,e,c
e,x,s,w,c,k,e,c
e,f,y,y,c,w,e,r
e,b,s,y,c,n,e,c
e,f,f,w,w,w,t,b
e,f,s,g,w,n,t,e
e,x,y,w,c,w,e,c
e,x,y,w,c,n,e,c
e,f,y,y,c,n,e,r
e,x,s,w,w,p,t,b
e,x,s,y,c,n,e,c
e,f,y,y,c,n,e,r
e,x,y,y,c,w,e,r
e,x,s,y,c,g,e,c
e,x,f,n,c,u,t,b
e,f,y,y,c,p,e,r
e,x,s,w,c,n,e,c
e,b,s,y,c,g,e,c
e,x,s,y,c,k,e,c
e,x,y,n,c,p,e,r
e,b,y,y,c,k,e,c
e,x,s,w,c,k,e,c
e,x,y,w,c,k,e,c
e,x,s,y,c,n,e,c
e,f,y,y,c,n,e,r
e,x,f,w,w,n,t,e
e,x,s,n,w,p,t,e
e,x,s,w,w,h,t,e
e,x,s,y,c,w,e,c
e,f,f,w,w,p,t,e
p,f,s,n,c,n,e,e
e,x,f,g,w,p,t,e
p,f,y,n,c,p,e,e
p,x,s,n,c,w,e,e
e,b,s,w,c,k,e,c
e,x,f,g,w,p,t,e
e,x,s,w,c,g,e,c
e,f,f,g,w,n,t,e
e,x,s,g,w,k,t,e
e,x,s,w,c,k,e,c
e,x,s,w,c,n,e,c
e,x,y,g,c,n,t,b
e,f,f,n,w,k,t,e
e,x,s,w,w,h,t,e
e,f,f,n,w,p,t,e
e,x,s,n,w,p,t,e
e,x,y,y,c,n,e,c
e,x,s,y,w,w,t,b
e,f,f,w,w,k,t,e
e,x,s,n,w,h,t,e
e,x,s,g,w,k,t,e
p,x,y,n,c,w,e,e
e,x,f,g,c,k,e,e
e,b,s,w,c,n,e,c
e,x,s,g,w,h,t,e
e,f,f,g,w,n,t,e
p,f,s,n,c,n,e,e
e,x,s,y,c,k,e,c
e,x,f,n,c,n,e,e
e,f,s,w,w,p,t,e
e,x,y,y,c,w,e,c
e,x,f,n,w,p,t,e
e,f,s,g,w,n,t,e
e,x,y,e,c,u,t,b
e,b,y,y,c,n,e,c
e,x,f,w,w,n,t,e
p,x,s,w,c,w,e,e
e,x,f,g,w,p,t,e
e,f,f,g,c,n,t,b
e,f,f,n,w,h,t,e
e,f,f,w,w,n,t,e
e,b,y,w,c,w,e,c
e,f,f,n,w,n,t,e
p,f,y,n,c,w,e,e
p,x,y,w,c,w,e,e
e,b,s,y,c,n,e,c
e,f,s,g,w,h,t,e
e,x,f,g,w,n,t,e
e,f,f,n,w,h,t,e
e,b,s,w,c,k,e,c
p,x,s,w,c,w,e,e
e,x,y,n,c,n,t,b
e,f,f,w,w,n,t,b
e,x,y,y,c,k,e,c
e,x,f,n,w,n,t,e
e,f,f,w,w,h,t,e
e,x,f,n,c,n,t,b
e,x,f,n,c,n,t,b
e,f,s,g,w,k,t,e
e,f,s,g,w,n,t,e
p,f,s,n,c,w,e,e
e,x,f,n,c,n,t,b
e,x,s,n,w,k,t,e
e,x,f,w,w,k,t,e
e,f,f,n,w,n,t,e
e,x,f,n,c,n,t,b
e,f,f,n,c,n,t,b
e,x,f,g,w,n,t,e
e,f,f,n,c,u,t,b
e,x,s,g,w,p,t,e
e,b,y,w,c,n,e,c
e,x,f,n,c,n,t,b
e,x,y,y,c,k,e,c
e,f,f,g,w,p,t,e
e,f,f,n,c,u,t,b
e,x,s,y,c,g,e,c
e,f,f,g,w,h,t,e
e,x,f,n,w,k,t,e
p,x,s,w,c,n,e,e
e,x,f,w,w,n,t,e
e,f,f,w,w,n,t,e
e,x,s,w,w,n,t,e
e,x,s,g,w,k,t,e
e,x,y,y,c,n,e,c
e,x,s,y,c,n,e,c
e,x,s,g,w,p,t,e
e,x,s,n,w,p,t,e
e,f,f,n,c,n,e,e
e,f,s,w,w,k,t,e
e,f,s,w,w,n,t,e
e,x,y,y,c,n,e,c
e,f,s,w,w,w,t,b
e,b,s,w,c,w,e,c
p,f,y,w,c,p,e,e
e,x,f,g,c,n,t,b
e,f,y,n,c,p,e,r
e,f,s,n,w,k,t,e
p,x,s,w,c,w,e,e
e,x,y,n,c,p,e,r
e,x,s,g,w,p,t,e
e,x,s,w,w,k,t,e
e,f,f,w,w,p,t,e
e,x,f,n,w,k,t,e
e,x,s,w,c,k,e,c
e,x,y,w,c,g,e,c
e,x,s,w,w,k,t,e
e,f,y,y,c,p,e,r
e,f,s,n,w,n,t,e
e,f,f,g,w,h,t,e
e,f,f,y,w,p,t,b
e,f,y,n,c,n,e,r
e,x,f,n,c,p,t,b
p,f,s,n,c,w,e,e
e,x,f,n,c,n,t,b
e,f,f,n,w,n,t,e
e,b,s,y,c,w,e,c
e,b,y,w,c,k,e,c
e,x,y,w,c,w,e,c
p,f,y,w,c,n,e,e
p,f,y,w,c,p,e,e
e,x,f,n,c,n,e,e
e,f,s,y,w,w,t,b
e,x,y,y,c,k,e,c
e,x,s,w,w,k,t,e
e,x,f,g,c,u,t,b
p,x,y,n,c,n,e,e
e,x,f,g,w,p,t,e
e,f,f,n,w,p,t,e
e,x,s,w,w,p,t,e
e,f,f,w,w,p,t,e
e,x,y,y,c,k,e,c
e,f,f,y,w,n,t,b
e,x,f,g,c,k,e,e
p,x,s,n,c,p,e,e
e,x,y,y,c,w,e,r
e,f,y,n,c,n,e,r
e,x,f,w,w,h,t,e
e,x,y,n,c,u,t,b
e,x,s,g,w,h,t,e
e,x,s,w,c,w,e,c
e,x,f,g,w,h,t,e
p,f,y,n,c,n,e,e
e,x,f,n,c,p,t,b
e,x,f,g,w,k,t,e
e,x,f,e,c,w,t,b
e,x,f,n,c,u,t,b
e,x,f,g,w,p,t,e
e,x,y,y,c,w,e,r
e,x,f,n,w,k,t,e
e,b,s,y,c,k,e,c
e,x,f,w,w,p,t,b
e,f,s,g,w,k,t,e
e,x,y,y,c,w,e,c
e,x,f,n,w,h,t,e
e,f,s,w,w,h,t,e
e,x,s,y,w,n,t,b
e,x,s,g,w,k,t,e
e,x,f,g,w,n,t,e
p,f,y,w,c,k,e,e
e,f,f,y,w,p,t,b
e,x,y,w,c,k,e,c
e,f,f,w,w,p,t,e
e,x,f,n,c,u,t,b
e,x,y,n,c,n,e,r
e,x,s,w,w,h,t,e
p,f,y,w,c,k,e,e
e,x,s,y,c,k,e,c
e,x,f,g,c,p,t,b
e,f,y,y,c,p,e,r
e,f,s,g,w,k,t,e
e,f,f,n,c,p,e,e
p,f,y,w,c,n,e,e
e,f,f,g,w,k,t,e
e,x,y,n,c,p,e,r
e,f,f,w,w,h,t,e
p,f,y,n,c,k,e,e
e,b,s,y,c,k,e,c
e,f,f,g,w,n,t,e
e,b,s,w,c,w,e,c
e,f,f,g,w,p,t,e
e,b,y,w,c,n,e,c
e,x,y,w,c,w,e,c
p,f,y,n,c,n,e,e
e,x,y,y,c,w,e,c
e,s,f,n,c,n,e,e
e,x,y,n,c,n,e,r
e,f,f,g,w,n,t,e
e,f,f,y,w,n,t,b
e,x,s,g,w,p,t,e
p,f,y,n,c,n,e,e
e,x,f,g,w,p,t,e
e,x,s,g,w,h,t,e
e,x,f,g,w,h,t,e
p,x,y,n,c,n,e,e
e,x,f,n,w,k,t,e
e,f,s,w,w,k,t,e
e,x,f,g,w,h,t,e
p,x,y,n,c,w,e,e
e,f,f,n,w,n,t,e
e,f,s,w,w,n,t,e
p,x,y,w,c,n,e,e
e,f,f,g,w,k,t,e
e,b,y,y,c,k,e,c
e,x,s,n,w,h,t,e
e,f,f,n,w,k,t,e
p,f,s,w,c,n,e,e
e,x,y,n,c,w,e,r
e,f,f,w,w,k,t,e
e,f,y,n,c,p,e,r
e,f,f,g,w,p,t,e
e,f,f,g,w,n,t,e
e,f,s,g,w,h,t,e
e,f,f,n,w,k,t,e
e,x,s,g,w,h,t,e
e,x,f,w,w,p,t,e
e,f,f,w,w,k,t,e
e,x,s,n,w,p,t,e
e,x,f,n,c,p,t,b
e,f,s,y,w,p,t,b
e,x,f,w,w,p,t,e
e,f,s,w,w,p,t,e
e,b,s,y,c,k,e,c
e,x,f,w,w,h,t,e
e,x,f,g,w,k,t,e
p,f,s,n,c,p,e,e
e,x,f,g,w,n,t,e
p,x,s,n,c,p,e,e
e,f,s,w,w,k,t,e
e,x,y,w,c,g,e,c
e,x,f,n,w,h,t,e
e,x,f,n,c,n,t,b
e,b,y,y,c,w,e,c
e,f,f,w,w,h,t,e
e,x,s,n,w,n,t,e
e,f,f,w,w,n,t,e
e,x,f,n,c,p,t,b
e,f,f,w,w,h,t,e
e,x,s,w,w,k,t,e
e,x,s,n,w,n,t,e
e,x,f,w,w,n,t,e
e,f,s,g,w,k,t,e
e,x,f,g,w,n,t,e
e,x,f,g,w,h,t,e
e,f,s,n,w,h,t,e
e,f,s,w,w,p,t,e
e,f,y,n,c,n,e,r
p,x,y,w,c,k,e,e
e,f,s,g,w,h,t,e
p,x,y,w,c,n,e,e
e,b,y,w,c,k,e,c
e,x,s,g,w,n,t,e
e,f,f,g,w,h,t,e
e,f,f,w,w,n,t,e
e,f,s,g,w,h,t,e
e,b,y,w,c,g,e,c
e,x,f,g,w,n,t,e
e,x,f,e,c,p,t,b
e,x,y,y,c,p,e,r
e,x,s,w,w,k,t,e
e,b,s,w,c,w,e,c
p,x,s,n,c,k,e,e
e,x,f,n,c,p,t,b
e,f,s,n,w,n,t,e
e,b,s,w,c,g,e,c
e,x,s,g,w,n,t,e
e,x,f,n,c,u,t,b
e,f,f,w,w,p,t,e
e,x,f,n,c,g,e,e
e,x,f,g,c,g,e,e
e,x,f,g,c,p,e,e
e,b,y,y,c,g,e,c
e,f,f,n,c,g,e,e
e,x,f,w,w,k,t,e
e,f,y,n,c,w,e,r
e,x,y,n,c,p,e,r
e,x,y,y,c,p,e,r
e,f,f,g,w,h,t,e
e,x,y,w,c,n,e,c
e,x,y,w,c,n,e,c
e,f,s,w,w,n,t,e
e,f,s,g,w,h,t,e
p,f,s,n,c,p,e,e
e,x,y,y,c,n,e,c
e,x,f,n,w,p,t,e
e,x,f,w,w,p,t,e
e,x,s,y,c,w,e,c
e,x,f,e,c,p,t,b
e,f,y,n,c,p,e,r
e,b,s,w,c,g,e,c
p,x,s,n,c,k,e,e
e,x,f,g,w,k,t,e
e,b,y,w,c,n,e,c
e,x,s,w,c,k,e,c
e,b,y,y,c,k,e,c
e,x,y,w,c,w,e,c
e,x,s,y,c,g,e,c
e,b,s,w,c,w,e,c
e,f,s,n,w,k,t,e
p,f,s,w,c,n,e,e
e,f,s,n,w,h,t,e
e,f,f,n,w,h,t,e
p,f,y,w,c,p,e,e
e,f,s,w,w,h,t,e
e,x,f,w,w,p,t,e
e,x,s,n,w,p,t,e
e,f,s,n,w,p,t,e
e,f,y,y,c,n,e,r
e,x,f,g,w,n,t,e
e,x,f,n,w,n,t,e
p,f,s,n,c,k,e,e
e,x,s,w,w,p,t,e
e,f,f,n,w,p,t,e
e,f,f,w,w,h,t,e
e,f,f,w,w,k,t,e
e,x,y,y,c,n,e,r
e,x,s,g,w,k,t,e
e,x,f,g,w,k,t,e
e,f,f,n,w,h,t,e
e,f,s,n,w,p,t,e
e,x,f,w,w,k,t,e
e,x,y,e,c,w,t,b
e,x,f,n,w,p,t,e
p,x,s,w,c,p,e,e
e,x,y,n,c,w,t,b
e,x,f,n,w,n,t,e
p,f,y,w,c,w,e,e
e,f,f,g,w,k,t,e
e,x,f,w,w,p,t,e
e,f,s,n,w,h,t,e
e,f,f,g,w,p,t,e
e,f,s,g,w,p,t,e
e,f,f,g,w,h,t,e
e,x,s,g,w,h,t,e
e,x,s,n,w,h,t,e
p,f,s,w,c,p,e,e
e,x,s,g,w,k,t,e
p,x,s,w,c,p,e,e
p,f,s,w,c,w,e,e
e,f,s,n,w,k,t,e
e,x,f,g,w,k,t,e
e,f,s,g,w,h,t,e
e,x,s,g,w,k,t,e
e,f,f,g,w,n,t,e
e,f,f,g,w,k,t,e
e,x,y,g,c,n,t,b
e,x,f,n,c,n,t,b
e,f,s,w,w,k,t,e
p,f,y,w,c,p,e,e
p,f,y,n,c,k,e,e
e,x,s,w,w,p,t,e
p,f,s,n,c,k,e,e
e,f,f,n,w,h,t,e
e,f,s,w,w,h,t,e
p,f,s,n,c,w,e,e
p,f,y,w,c,p,e,e
p,f,y,n,c,w,e,e
p,f,s,w,c,k,e,e
e,x,s,w,w,k,t,e
e,x,f,n,c,p,t,b
e,f,s,w,w,k,t,e
e,f,f,g,w,p,t,e
p,f,y,n,c,k,e,e
e,x,s,w,w,k,t,e
e,x,y,e,c,n,t,b
e,f,s,g,w,n,t,e
e,x,s,w,w,n,t,e
p,f,s,w,c,p,e,e
e,f,f,n,w,k,t,e
e,x,f,w,w,h,t,e
p,f,s,w,c,k,e,e
e,x,f,n,w,p,t,e
e,f,f,w,w,n,t,e
e,x,s,w,w,h,t,e
e,f,s,w,w,h,t,e
e,b,y,y,c,w,e,c
e,x,s,g,w,n,t,e
e,x,f,w,w,n,t,e
e,x,s,n,w,n,t,e
e,x,f,n,w,n,t,e
e,f,f,g,w,h,t,e
p,x,y,n,c,n,e,e
e,f,s,g,w,h,t,e
e,x,f,n,c,p,t,b
e,f,s,w,w,n,t,e
e,x,f,n,c,n,t,b
e,x,f,g,w,p,t,e
e,x,f,w,w,n,t,e
p,f,s,w,c,k,e,e
p,f,s,w,c,p,e,e
e,x,s,g,w,k,t,e
e,x,f,n,c,u,t,b
e,x,s,g,w,k,t,e
e,x,y,y,c,w,e,r
e,f,s,w,w,n,t,e
e,x,s,w,w,p,t,e
e,x,f,g,w,k,t,e
e,f,s,w,w,h,t,e
e,x,f,n,c,n,t,b
e,f,s,g,w,k,t,e
e,f,s,g,w,h,t,e
e,f,f,n,w,p,t,e
e,f,s,w,w,k,t,e
e,f,s,w,w,h,t,e
e,f,s,g,w,p,t,e
e,f,f,w,w,n,t,e
e,f,s,n,w,p,t,e
p,f,s,w,c,k,e,e
e,x,f,g,w,n,t,e
e,b,y,y,c,k,e,c
e,f,f,n,w,k,t,e
e,f,s,g,w,k,t,e
e,x,f,n,c,n,t,b
e,b,s,y,c,n,e,c
e,x,s,w,w,p,t,e
e,f,f,n,c,n,t,b
p,x,s,w,c,n,e,e
e,f,f,w,w,n,t,e
p,f,y,w,c,k,e,e
e,x,s,n,w,k,t,e
e,f,s,n,w,n,t,e
e,b,s,y,c,g,e,c
e,f,s,g,w,k,t,e
e,x,s,g,w,k,t,e
e,f,f,g,w,k,t,e
e,x,f,g,w,k,t,e
e,f,s,w,w,n,t,e
p,f,s,n,c,k,e,e
e,f,f,g,w,p,t,e
e,f,s,w,w,h,t,e
e,x,f,n,c,n,t,b
e,x,s,n,w,p,t,e
e,x,f,e,c,u,t,b
e,x,y,y,c,n,e,c
e,f,f,w,w,k,t,e
e,x,s,w,w,n,t,e
e,f,f,n,w,h,t,e
p,f,s,w,c,w,e,e
e,f,f,g,c,n,t,b
e,f,s,w,w,n,t,e
e,f,f,w,w,h,t,e
p,f,y,n,c,k,e,e
e,x,s,w,w,p,t,e
e,x,f,n,c,p,t,b
e,x,y,g,c,u,t,b
e,x,y,g,c,p,t,b
e,f,s,n,w,k,t,e
e,f,s,w,w,h,t,e
e,f,s,n,w,k,t,e
e,x,s,n,w,p,t,e
e,f,f,w,w,h,t,e
e,x,f,n,w,n,t,e
e,f,f,w,w,p,t,e
e,f,f,n,w,n,t,e
e,f,s,w,w,n,t,e
e,f,f,n,w,p,t,e
p,f,y,n,c,w,e,e
e,f,f,w,w,k,t,e
e,f,s,w,w,p,t,e
e,x,f,n,w,k,t,e
e,f,f,w,w,p,t,e
e,x,f,g,w,n,t,e
e,f,s,n,w,p,t,e
e,x,f,g,c,n,t,b
e,f,f,w,w,n,t,e
e,f,f,n,w,p,t,e
e,x,s,n,w,p,t,e
e,x,f,w,w,h,t,e
e,b,s,y,c,g,e,c
p,x,y,n,c,p,e,e
p,f,s,n,c,p,e,e
e,f,f,w,w,k,t,e
e,f,f,n,w,k,t,e
p,f,y,n,c,k,e,e
e,f,f,n,w,p,t,e
p,x,s,w,c,n,e,e
e,f,s,n,w,k,t,e
p,f,y,w,c,n,e,e
e,f,s,n,w,n,t,e
e,f,s,g,w,h,t,e
e,x,f,g,w,h,t,e
e,f,f,n,w,k,t,e
e,x,f,g,c,w,t,b
e,x,f,n,c,p,t,b
e,x,f,n,w,k,t,e
e,x,f,g,c,w,t,b
e,x,s,w,w,h,t,e
e,f,s,w,w,h,t,e
e,x,s,w,w,p,t,e
e,f,f,g,w,k,t,e
e,x,f,n,c,p,t,b
e,x,s,w,w,k,t,e
e,x,s,n,w,h,t,e
e,f,s,g,w,p,t,e
p,f,y,w,c,k,e,e
e,f,s,n,w,k,t,e
e,f,y,y,c,p,e,r
e,x,f,g,c,n,t,b
e,f,s,g,w,n,t,e
e,x,s,g,w,h,t,e
p,f,y,w,c,p,e,e
e,x,s,w,w,h,t,e
e,x,s,w,w,p,t,e
e,f,s,g,w,n,t,e
e,f,s,n,w,n,t,e
e,x,f,n,w,k,t,e
e,f,s,n,w,p,t,e
e,f,s,n,w,n,t,e
e,x,f,w,w,n,t,e
e,f,f,w,w,k,t,e
e,f,f,n,w,h,t,e
e,x,y,w,c,g,e,c
e,x,s,n,w,n,t,e
e,x,s,g,w,h,t,e
e,f,s,w,w,k,t,e
p,x,s,w,c,w,e,e
e,x,s,w,w,p,t,e
e,x,f,n,c,n,t,b
e,f,f,g,w,n,t,e
e,x,s,g,w,n,t,e
e,f,f,n,w,n,t,e
e,f,s,n,w,p,t,e
e,x,s,g,w,h,t,e
e,f,y,n,c,n,e,r
p,f,y,n,c,p,e,e
e,x,s,n,w,p,t,e
e,x,f,n,c,p,t,b
p,f,y,w,c,w,e,e
p,x,s,w,c,p,e,e
p,f,s,n,c,p,e,e
e,x,f,n,c,u,t,b
e,b,y,w,c,g,e,c
p,f,y,w,c,k,e,e
e,f,f,w,w,p,t,e
e,x,s,w,w,n,t,e
e,x,f,n,c,n,t,b
e,x,s,n,w,h,t,e
e,f,f,n,w,p,t,e
e,f,f,n,w,n,t,e
p,f,y,n,c,p,e,e
p,f,y,w,c,w,e,e
e,x,s,n,w,p,t,e
e,f,f,g,w,p,t,e
e,x,f,n,c,n,t,b
e,f,s,g,w,k,t,e
e,f,f,n,w,h,t,e
p,f,s,n,c,k,e,e
e,x,f,n,w,n,t,e
p,f,y,n,c,p,e,e
e,x,s,g,w,n,t,e
e,f,f,w,w,p,t,e
e,x,s,w,w,n,t,e
e,x,f,n,c,n,t,b
e,x,s,n,w,h,t,e
p,f,s,w,c,k,e,e
e,x,f,n,c,p,t,b
e,x,s,w,w,n,t,e
e,f,s,w,w,k,t,e
e,x,s,w,w,n,t,b
e,x,f,n,w,p,t,e
e,x,y,g,c,p,t,b
e,x,f,n,c,n,t,b
e,x,s,y,w,p,t,b
e,f,f,g,w,h,t,e
e,x,s,n,w,n,t,e
e,x,y,e,c,u,t,b
e,f,s,g,w,p,t,e
p,f,s,w,c,n,e,e
e,f,f,w,w,p,t,e
e,x,f,g,w,h,t,e
e,f,f,n,w,k,t,e
e,f,s,n,w,p,t,e
e,x,f,w,w,k,t,e
p,f,y,w,c,p,e,e
e,x,f,w,w,k,t,e
e,f,s,n,w,k,t,e
e,x,s,n,w,n,t,e
e,x,f,g,w,p,t,e
e,x,s,n,w,k,t,e
e,f,y,y,c,n,e,r
p,x,y,n,c,n,e,e
e,x,f,w,w,p,t,e
e,f,s,w,w,k,t,e
e,x,s,n,w,h,t,e
p,f,y,n,c,p,e,e
e,f,f,g,w,p,t,e
p,f,s,w,c,p,e,e
e,f,s,n,w,n,t,e
e,x,s,g,w,p,t,e
e,x,f,g,w,n,t,e
e,f,f,n,w,n,t,e
e,f,s,g,w,h,t,e
e,x,s,w,w,p,t,e
e,x,f,n,w,k,t,e
e,x,f,g,w,p,t,e
e,f,f,n,w,p,t,e
e,b,y,y,c,n,e,c
e,f,f,g,w,k,t,e
e,x,f,g,w,h,t,e
e,f,f,w,w,n,t,e
e,x,f,n,c,p,t,b
p,f,s,n,c,w,e,e
e,x,f,n,c,p,t,b
e,x,f,n,w,h,t,e
e,x,f,n,c,p,t,b
e,x,f,w,w,n,t,e
e,f,s,g,w,k,t,e
e,f,s,n,w,h,t,e
e,x,y,y,c,g,e,c
e,x,f,w,w,p,t,b
e,f,f,g,w,n,t,e
e,f,f,n,w,h,t,e
e,f,f,n,w,n,t,e
e,b,y,y,c,g,e,c
e,x,f,n,w,h,t,e
e,x,y,w,c,n,e,c
e,f,s,w,w,n,t,e
e,x,s,w,w,k,t,e
e,x,f,n,w,n,t,e
e,x,s,n,w,n,t,e
e,x,s,n,w,n,t,e
e,x,y,n,c,w,t,b
e,f,s,g,w,n,t,e
e,x,y,y,c,g,e,c
e,x,s,w,w,n,t,e
p,f,y,w,c,n,e,e
e,f,s,w,w,h,t,e
p,f,s,w,c,n,e,e
e,f,s,g,w,h,t,e
e,f,f,g,w,k,t,e
p,x,s,w,c,p,e,e
e,x,s,g,w,p,t,e
p,x,s,w,c,p,e,e
e,x,s,g,w,p,t,e
e,f,s,w,w,p,t,e
p,f,y,w,c,w,e,e
e,x,f,w,w,n,t,e
e,x,s,n,w,h,t,e
e,x,f,w,w,p,t,e
e,x,f,w,w,p,t,e
e,x,y,e,c,u,t,b
p,f,s,n,c,k,e,e
e,f,f,g,w,k,t,e
e,x,y,y,c,w,e,r
e,x,f,n,w,h,t,e
e,f,f,n,w,k,t,e
e,b,s,w,c,g,e,c
e,f,s,g,w,k,t,e
e,f,f,w,w,n,t,e
e,f,f,n,w,h,t,e
p,f,s,n,c,w,e,e
e,x,s,n,w,h,t,e
e,b,y,y,c,w,e,c
e,f,s,g,w,p,t,e
e,f,s,n,w,h,t,e
e,x,f,g,w,h,t,e
e,f,s,g,w,p,t,e
e,x,f,n,w,p,t,e
e,x,f,n,c,p,t,b
e,b,y,w,c,g,e,c
e,x,f,g,c,n,t,b
p,f,y,n,c,p,e,e
e,x,s,w,w,h,t,e
p,f,s,n,c,k,e,e
e,f,s,n,w,n,t,e
e,f,f,n,w,k,t,e
e,x,f,w,w,k,t,e
e,x,f,n,w,n,t,e
e,f,s,n,w,n,t,e
e,x,s,y,c,g,e,c
e,f,s,w,w,k,t,e
e,x,s,w,w,k,t,e
p,x,y,n,c,p,e,e
e,f,f,g,w,n,t,e
p,f,y,n,c,n,e,e
e,f,f,w,w,n,t,e
e,x,f,n,c,p,t,b
e,x,f,g,w,k,t,e
p,f,s,n,c,w,e,e
e,f,s,g,w,h,t,e
p,x,s,w,c,w,e,e
e,x,f,n,c,p,t,b
e,x,f,n,w,p,t,e
e,x,y,y,c,n,e,r
e,f,f,w,w,h,t,e
e,f,s,w,w,p,t,e
e,x,f,g,w,n,t,e
e,f,f,g,w,p,t,e
e,f,f,w,w,n,t,e
e,x,f,g,w,n,t,e
e,f,f,g,w,k,t,e
e,x,f,g,c,w,t,b
e,x,s,g,w,p,t,e
e,f,s,g,w,p,t,e
e,x,y,n,c,w,e,r
e,x,y,g,c,n,t,b
e,f,s,g,w,k,t,e
e,f,f,w,w,k,t,e
e,f,s,n,w,h,t,e
e,f,f,w,w,p,t,e
e,f,f,n,w,n,t,e
e,f,s,g,w,k,t,e
e,x,s,n,w,n,t,e
e,x,f,n,c,p,t,b
e,x,s,n,w,k,t,e
e,x,f,n,w,k,t,e
e,f,s,w,w,p,t,e
e,x,f,n,c,p,e,e
p,f,s,w,c,p,e,e
p,f,s,n,c,p,e,e
e,x,f,n,c,u,t,b
e,x,s,w,w,n,t,e
e,f,f,g,w,k,t,e
e,x,s,n,w,h,t,e
e,x,f,n,w,h,t,e
e,x,s,g,w,h,t,e
e,f,f,g,w,n,t,e
e,f,s,n,w,p,t,e
e,f,s,g,w,n,t,e
e,x,f,e,c,n,t,b
p,f,y,w,c,k,e,e
e,x,f,n,w,h,t,e
e,x,f,n,c,n,t,b
p,f,s,n,c,k,e,e
p,f,s,w,c,k,e,e
p,f,s,w,c,n,e,e
e,f,f,w,w,h,t,e
e,f,s,n,w,h,t,e
e,f,f,n,w,h,t,e
e,x,s,n,w,h,t,e
e,f,s,n,w,k,t,e
p,f,s,w,c,p,e,e
p,f,s,w,c,n,e,e
e,f,s,g,w,p,t,e
e,x,s,n,w,k,t,e
e,x,s,n,w,h,t,e
e,x,f,n,c,w,t,b
e,x,f,n,c,n,t,b
e,f,f,w,w,p,t,e
e,f,f,w,w,n,t,e
e,x,f,w,w,k,t,e
e,x,s,y,c,n,e,c
e,f,s,g,w,n,t,e
e,x,s,w,w,h,t,e
e,x,f,n,w,n,t,e
e,x,f,n,w,p,t,e
e,x,s,w,w,n,t,e
e,x,s,n,w,h,t,e
e,x,s,g,w,h,t,e
e,x,s,g,w,p,t,e
e,f,s,w,w,p,t,e
e,x,s,n,w,n,t,e
e,f,f,g,w,p,t,e
e,f,f,w,w,h,t,e
e,x,f,w,w,n,t,e
e,f,f,g,w,h,t,e
e,x,f,g,w,p,t,e
e,x,y,y,c,g,e,c
e,x,s,y,c,n,e,c
e,x,s,w,w,p,t,e
p,x,y,n,c,k,e,e
e,x,f,w,w,k,t,e
p,x,s,w,c,w,e,e
e,x,y,g,c,n,t,b
p,f,s,w,c,w,e,e
e,x,y,y,c,g,e,c
e,x,y,w,c,n,e,c
e,f,y,n,c,n,e,r
e,x,s,w,w,n,t,e
e,f,s,n,w,p,t,e
e,x,s,g,w,p,t,e
e,x,s,w,w,n,t,e
e,f,s,n,w,h,t,e
e,f,s,n,w,n,t,e
e,x,s,g,w,n,t,e
e,b,s,w,c,n,e,c
e,x,s,g,w,p,t,e
e,x,s,y,c,w,e,c
p,f,y,w,c,n,e,e
e,f,s,w,w,p,t,e
e,f,s,n,w,h,t,e
e,f,s,g,w,n,t,e
e,f,f,g,w,h,t,e
e,x,y,n,c,p,t,b
e,x,f,n,c,n,t,b
e,x,y,y,c,n,e,r
e,x,f,g,c,w,t,b
e,f,f,g,w,p,t,e
e,f,s,n,w,h,t,e
e,f,s,w,w,n,t,e
e,x,f,g,w,k,t,e
e,f,s,w,w,n,t,e
e,f,f,g,w,n,t,e
e,x,f,g,w,k,t,e
e,x,s,n,w,k,t,e
e,x,f,n,c,w,t,b
e,f,s,w,w,k,t,e
e,f,f,n,w,n,t,e
p,f,y,n,c,w,e,e
e,x,f,n,c,n,t,b
e,x,f,n,w,p,t,e
e,f,f,w,w,n,t,e
p,f,y,n,c,n,e,e
e,f,f,g,w,k,t,e
e,x,f,g,c,n,t,b
e,x,f,w,w,p,t,e
e,x,f,g,w,h,t,e
e,x,f,n,c,w,t,b
e,x,s,g,w,h,t,e
e,f,f,w,w,p,t,e
e,x,f,g,c,u,t,b
e,x,y,w,c,w,e,c
e,x,y,w,c,k,e,c
e,f,s,g,w,p,t,e
e,f,s,w,w,k,t,e
e,f,s,n,w,n,t,e
e,f,s,w,w,p,t,e
e,x,f,n,w,h,t,e
e,x,s,n,w,n,t,e
e,b,y,y,c,g,e,c
p,f,y,w,c,k,e,e
e,x,s,n,w,k,t,e
e,f,s,n,w,k,t,e
e,x,y,n,c,n,e,r
e,x,s,g,w,n,t,e
e,f,s,w,w,k,t,e
p,x,s,n,c,n,e,e
e,f,s,g,w,n,t,e
e,x,f,w,w,p,t,e
p,f,s,n,c,n,e,e
e,x,f,n,w,p,t,e
e,x,s,n,w,p,t,e
e,x,f,n,c,u,t,b
e,f,s,w,w,p,t,e
p,f,s,w,c,p,e,e
e,x,f,w,w,h,t,e
e,f,f,n,w,h,t,e
e,f,s,g,w,p,t,e
e,x,f,w,w,n,t,e
e,f,y,n,c,w,e,r
p,f,s,w,c,w,e,e
e,x,f,w,w,p,t,e
e,f,f,n,c,p,e,e
p,f,y,n,c,w,e,e
e,f,s,w,w,n,t,e
e,x,f,g,w,k,t,e
e,f,y,y,c,n,e,r
e,x,f,w,w,h,t,e
e,x,f,w,w,h,t,e
p,f,y,n,c,n,e,e
e,f,f,n,w,h,t,e
e,f,f,g,w,k,t,e
e,x,f,n,w,n,t,e
e,x,f,n,c,p,t,b
e,x,s,g,w,k,t,e
e,x,s,g,w,n,t,e
e,x,f,w,w,k,t,e
e,f,f,g,w,h,t,e
e,x,f,n,c,n,t,b
e,x,s,w,w,p,t,e
p,x,s,w,c,n,e,e
e,f,s,g,w,n,t,e
e,x,s,n,w,k,t,e
e,x,f,n,c,p,t,b
e,x,y,y,c,p,e,r
e,x,s,g,w,k,t,e
e,x,f,n,w,h,t,e
e,x,f,w,w,k,t,e
e,x,y,y,c,k,e,c
e,x,f,n,c,p,t,b
e,x,f,w,w,p,t,e
e,x,f,w,w,n,t,e
p,f,s,n,c,n,e,e
p,f,s,w,c,k,e,e
e,x,s,n,w,p,t,e
e,x,f,g,c,n,e,e
e,f,s,n,w,p,t,e
e,x,s,w,w,k,t,e
p,f,s,w,c,w,e,e
e,b,s,y,c,k,e,c
e,x,f,n,w,h,t,e
p,f,y,n,c,n,e,e
e,x,s,g,w,h,t,e
e,x,s,g,w,k,t,e
e,x,s,w,w,n,t,e
p,f,s,w,c,n,e,e
e,f,s,w,w,k,t,e
e,x,f,n,w,h,t,e
e,f,f,n,w,p,t,e
e,x,f,n,w,p,t,e
p,f,y,n,c,k,e,e
e,x,f,w,w,p,t,e
e,f,s,w,w,p,t,e
p,f,y,w,c,k,e,e
e,f,s,g,w,p,t,e
e,f,y,n,c,w,t,b
e,x,f,g,w,h,t,e
e,x,f,g,c,u,t,b
e,x,y,n,c,p,t,b
e,f,f,n,c,n,t,b
e,f,y,e,c,p,t,b
e,f,s,g,w,h,t,e
e,x,f,g,c,u,t,b
e,x,y,g,c,p,t,b
e,x,f,g,w,p,t,e
p,f,s,n,c,n,e,e
e,f,f,n,c,n,t,b
p,x,s,n,c,n,e,e
e,x,s,w,c,n,e,c
e,x,s,w,w,h,t,e
e,x,y,y,c,g,e,c
p,x,f,g,c,h,e,b
e,f,s,n,w,k,t,e
e,f,s,w,w,p,t,e
e,x,f,n,c,p,t,b
e,f,s,n,w,h,t,e
e,x,f,n,w,h,t,e
p,x,s,w,c,p,e,e
e,f,f,n,c,p,t,b
e,x,y,w,c,k,e,c
e,f,f,g,w,n,t,e
e,x,y,e,c,n,t,b
e,f,f,w,w,n,t,e
e,x,s,g,w,p,t,e
e,x,y,n,c,n,t,b
e,x,y,g,c,w,t,b
e,x,f,g,c,u,t,b
e,f,s,w,w,n,t,e
e,x,f,g,c,u,t,b
e,x,f,n,c,u,t,b
e,x,f,e,c,w,t,b
e,x,y,n,c,w,t,b
e,f,f,w,w,h,t,e
e,x,y,n,c,p,t,b
e,x,s,g,w,n,t,e
e,x,f,g,w,h,t,e
e,f,f,w,w,p,t,e
e,x,y,g,c,p,t,b
p,f,y,n,c,k,e,e
e,x,y,e,c,p,t,b
e,f,f,w,w,p,t,e
e,f,s,g,w,h,t,e
e,x,y,g,c,w,t,b
e,f,f,g,c,p,t,b
e,x,f,n,c,w,t,b
e,f,f,e,c,n,t,b
e,x,s,w,w,h,t,e
e,x,f,e,c,w,t,b
e,x,f,n,c,p,t,b
e,x,f,g,c,u,t,b
e,x,f,n,c,n,t,b
e,x,f,y,w,w,t,b
e,x,f,e,c,w,t,b
p,f,s,w,c,w,e,e
e,x,s,w,w,h,t,e
e,x,f,e,c,u,t,b
e,x,y,n,c,w,t,b
e,x,f,w,w,h,t,e
e,x,f,g,c,w,t,b
e,x,s,g,w,n,t,e
e,x,y,e,c,w,t,b
e,x,y,n,c,u,t,b
e,x,s,w,w,p,t,e
e,x,s,n,w,n,t,e
e,x,s,w,w,n,t,e
e,x,s,n,w,n,t,e
e,f,f,e,c,n,t,b
e,f,f,w,w,n,t,e
e,f,f,g,w,k,t,e
e,x,y,e,c,w,t,b
e,x,f,e,c,p,t,b
e,x,y,g,c,u,t,b
e,x,f,e,c,p,t,b
e,f,s,n,w,h,t,e
e,x,s,w,w,n,t,e
e,x,s,w,w,h,t,e
e,x,f,w,w,k,t,e
e,x,f,e,c,u,t,b
e,x,f,n,c,u,t,b
e,f,f,n,c,w,t,b
e,f,f,w,w,p,t,b
e,f,f,w,w,k,t,e
p,f,y,w,c,n,e,e
e,f,f,g,c,n,t,b
e,x,f,n,c,w,t,b
e,x,s,w,w,k,t,e
e,x,f,w,w,h,t,e
e,x,s,n,w,h,t,e
e,x,f,n,w,n,t,e
e,x,s,g,w,h,t,e
e,x,y,n,c,w,t,b
e,x,f,n,c,u,t,b
e,f,s,g,w,k,t,e
e,f,s,n,w,n,t,e
e,x,s,g,w,p,t,e
e,f,f,g,c,n,t,b
e,x,s,w,w,h,t,e
e,f,f,n,w,k,t,e
e,f,s,w,w,h,t,e
e,x,f,g,w,k,t,e
e,f,f,n,w,k,t,e
e,f,f,n,w,p,t,e
e,x,f,n,c,w,t,b
e,f,s,g,w,h,t,e
e,f,s,w,w,n,t,e
e,x,y,e,c,p,t,b
e,x,y,g,c,u,t,b
e,x,y,e,c,n,t,b
e,x,f,g,w,h,t,e
e,f,f,g,w,p,t,e
e,f,y,y,c,p,e,r
p,f,y,w,c,w,e,e
e,f,s,n,w,h,t,e
e,f,f,n,w,k,t,e
e,f,f,n,c,p,t,b
e,x,f,e,c,u,t,b
e,f,f,g,w,p,t,e
e,x,f,n,w,n,t,e
e,x,f,g,w,h,t,e
e,x,y,e,c,w,t,b
e,f,f,n,c,w,t,b
e,x,f,n,w,p,t,e
e,x,f,n,w,p,t,e
e,f,s,w,w,h,t,e
e,f,s,g,w,p,t,e
p,f,y,w,c,w,e,e
e,b,s,w,c,k,e,c
e,x,f,n,c,w,t,b
e,f,f,g,w,k,t,e
e,x,f,n,w,k,t,e
e,x,s,n,w,k,t,e
e,f,s,w,w,n,t,b
e,x,f,w,w,h,t,e
e,x,s,w,w,h,t,e
e,x,s,g,w,k,t,e
e,x,y,e,c,p,t,b
e,f,f,n,c,n,t,b
e,x,f,n,c,n,t,b
e,f,f,w,w,k,t,e
e,f,s,n,w,n,t,e
p,f,s,w,c,k,e,e
e,f,f,n,w,p,t,e
e,x,y,g,c,w,t,b
e,x,y,g,c,n,t,b
e,x,f,g,w,p,t,e
e,x,f,g,c,w,t,b
e,x,y,e,c,u,t,b
e,x,f,g,c,p,t,b
e,x,f,g,c,u,t,b
e,x,f,n,c,p,t,b
p,x,s,w,c,p,e,e
e,x,f,n,w,k,t,e
e,x,y,n,c,w,t,b
e,x,f,g,c,p,t,b
p,f,y,n,c,w,e,e
e,x,f,g,c,u,t,b
e,x,f,g,w,h,t,e
e,x,f,e,c,u,t,b
e,f,f,n,w,k,t,e
e,f,s,w,w,h,t,e
e,f,s,n,w,p,t,e
e,x,y,e,c,w,t,b
e,f,s,n,w,k,t,e
e,f,f,n,c,n,t,b
e,f,s,w,w,h,t,e
e,x,f,n,w,k,t,e
e,f,f,n,w,h,t,e
p,x,s,n,c,w,e,e
e,x,f,n,c,p,t,b
e,f,s,n,w,k,t,e
p,f,y,w,c,n,e,e
e,x,f,n,c,n,t,b
e,x,f,g,c,u,t,b
e,f,f,n,w,p,t,e
e,x,f,e,c,p,t,b
e,f,f,w,w,p,t,e
e,x,f,w,w,h,t,e
e,x,y,w,c,k,e,c
e,x,s,w,w,p,t,e
e,x,y,g,c,u,t,b
e,x,f,g,c,n,t,b
e,x,s,g,w,n,t,e
p,f,y,w,c,n,e,e
e,x,f,e,c,w,t,b
p,f,s,n,c,n,e,e
p,f,y,n,c,w,e,e
e,x,f,g,c,p,t,b
e,f,s,n,w,h,t,e
e,x,f,g,c,p,t,b
e,x,f,n,w,h,t,e
e,x,f,n,c,w,t,b
e,f,s,n,w,p,t,e
e,f,f,n,w,p,t,e
e,x,s,n,w,k,t,e
e,x,s,n,w,k,t,e
e,x,f,n,c,w,t,b
e,x,y,e,c,u,t,b
e,f,s,n,w,k,t,e
e,x,f,n,c,w,t,b
p,f,y,w,c,w,e,e
e,x,y,y,c,n,e,r
p,f,s,n,c,p,e,e
e,f,f,w,w,h,t,e
e,f,f,n,w,n,t,e
p,f,s,n,c,w,e,e
e,x,s,n,w,k,t,e
e,x,f,n,w,n,t,e
e,x,f,e,c,u,t,b
e,f,f,n,w,k,t,e
e,x,f,w,w,k,t,e
e,f,s,g,w,p,t,e
e,f,f,w,w,h,t,e
e,f,s,y,w,n,t,b
e,f,f,w,w,n,t,b
e,f,f,n,w,p,t,e
e,x,f,n,c,u,t,b
e,x,y,g,c,n,t,b
e,x,f,n,c,u,t,b
e,x,f,n,w,k,t,e
e,x,f,g,c,u,t,b
e,x,f,n,c,n,t,b
e,x,f,g,w,p,t,e
e,x,f,n,c,n,t,b
e,x,s,n,w,h,t,e
e,b,y,w,c,k,e,c
e,x,y,e,c,u,t,b
e,f,s,n,w,h,t,e
e,x,f,e,c,w,t,b
e,f,y,n,c,p,t,b
e,x,y,g,c,u,t,b
e,x,s,g,w,p,t,e
e,x,s,n,w,k,t,e
e,x,f,g,w,p,t,e
e,x,s,g,w,n,t,e
e,x,y,e,c,w,t,b
e,f,f,g,c,w,t,b
e,f,f,n,c,n,t,b
e,x,f,n,w,k,t,e
e,f,s,n,w,n,t,e
e,x,f,w,w,n,t,e
e,x,y,y,c,p,e,r
e,x,f,e,c,u,t,b
e,x,f,n,w,h,t,e
e,x,y,n,c,p,t,b
e,f,f,g,c,n,t,b
e,x,f,w,w,k,t,e
e,x,y,w,c,k,e,c
e,x,s,n,w,p,t,e
e,f,s,w,w,p,t,e
e,f,f,n,c,u,t,b
e,f,f,w,w,k,t,e
e,x,f,g,c,u,t,b
e,x,f,n,c,p,t,b
e,x,f,w,w,p,t,e
e,x,s,w,c,n,e,c
e,f,s,g,w,n,t,e
p,f,y,n,c,n,e,e
e,f,f,g,w,p,t,e
e,x,f,n,c,n,t,b
e,x,f,w,w,n,t,e
e,x,y,n,c,u,t,b
e,x,y,e,c,p,t,b
p,f,s,n,c,n,e,e
e,f,s,g,w,p,t,e
e,x,f,g,c,n,t,b
e,f,f,g,c,n,t,b
e,x,f,g,c,n,t,b
e,x,f,g,c,w,t,b
e,x,f,n,c,u,t,b
p,x,s,w,c,p,e,e
e,x,s,y,c,k,e,c
e,x,f,n,c,n,t,b
e,f,y,n,c,w,t,b
e,x,s,g,w,n,t,e
e,x,y,e,c,u,t,b
e,x,f,g,w,k,t,e
e,f,s,w,w,p,t,e
e,x,f,n,c,n,t,b
e,f,f,n,c,u,t,b
e,f,f,g,w,n,t,e
e,f,f,g,w,n,t,e
e,f,f,n,w,h,t,e
e,x,f,g,c,p,t,b
e,x,f,e,c,n,t,b
p,f,y,n,c,p,e,e
e,x,y,g,c,p,t,b
e,x,s,w,w,k,t,e
e,b,s,w,c,g,e,c
e,x,s,w,w,h,t,e
e,f,f,n,w,k,t,e
e,x,y,g,c,p,t,b
e,f,f,g,c,n,t,b
e,x,f,g,w,p,t,e
p,x,s,w,c,n,e,e
e,x,s,n,w,k,t,e
e,x,y,g,c,p,t,b
e,f,f,g,c,p,t,b
e,x,y,n,c,w,t,b
e,x,f,e,c,p,t,b
e,f,f,n,c,w,t,b
e,x,f,e,c,u,t,b
e,f,f,n,c,p,t,b
e,x,y,e,c,u,t,b
e,x,f,g,c,w,t,b
e,f,f,g,c,p,t,b
e,x,f,e,c,w,t,b
e,x,y,e,c,u,t,b
p,x,s,w,c,w,e,e
e,x,f,e,c,n,t,b
e,x,y,g,c,p,t,b
e,x,f,n,c,p,t,b
e,x,y,e,c,w,t,b
e,x,y,g,c,n,t,b
e,x,f,g,c,n,t,b
e,x,y,g,c,u,t,b
e,x,f,e,c,p,t,b
e,f,y,e,c,n,t,b
e,f,f,n,c,p,t,b
e,x,f,n,c,u,t,b
e,f,y,g,c,w,t,b
e,x,y,e,c,u,t,b
e,x,f,g,c,p,t,b
e,x,y,g,c,n,t,b
p,x,f,g,c,p,e,b
p,f,s,w,c,p,e,e
e,x,f,e,c,n,t,b
e,x,f,w,w,h,t,e
e,x,y,n,c,u,t,b
e,f,f,n,c,n,t,b
e,x,f,n,c,w,t,b
e,x,y,g,c,u,t,b
e,x,y,g,c,w,t,b
e,x,f,e,c,u,t,b
e,x,y,n,c,n,t,b
e,x,f,g,c,w,t,b
e,x,f,e,c,w,t,b
e,x,y,e,c,u,t,b
e,x,y,n,c,p,t,b
e,x,y,e,c,n,t,b
e,f,y,n,c,p,t,b
e,f,y,n,c,n,t,b
e,x,y,n,c,n,t,b
p,f,s,n,c,n,e,e
e,f,f,e,c,u,t,b
p,x,s,w,c,w,e,e
e,x,f,e,c,u,t,b
e,f,f,n,c,p,t,b
e,x,y,n,c,u,t,b
e,f,f,e,c,p,t,b
e,x,f,e,c,n,t,b
e,x,f,g,c,p,t,b
e,x,y,n,c,n,t,b
e,f,f,n,c,u,t,b
e,f,f,n,c,w,t,b
e,x,f,e,c,u,t,b
e,x,f,n,c,u,t,b
e,x,f,e,c,p,t,b
e,f,f,g,c,p,t,b
e,x,y,n,c,u,t,b
e,f,f,n,c,u,t,b
e,x,f,e,c,n,t,b
e,x,y,e,c,w,t,b
e,x,f,g,c,p,t,b
e,x,y,g,c,n,t,b
e,x,y,e,c,p,t,b
e,x,y,g,c,p,t,b
e,x,f,g,c,n,t,b
e,f,f,g,c,n,t,b
e,x,y,g,c,n,t,b
e,x,y,e,c,n,t,b
e,f,f,n,c,p,t,b
e,f,f,n,c,w,t,b
e,x,y,e,c,p,t,b
p,x,f,g,c,p,e,b
e,x,y,g,c,u,t,b
e,x,f,e,c,w,t,b
e,x,y,n,c,u,t,b
e,f,f,n,c,p,t,b
e,x,y,e,c,w,t,b
e,f,f,n,c,p,t,b
e,f,y,n,c,p,t,b
e,f,f,g,c,p,t,b
e,x,f,e,c,n,t,b
e,x,f,g,c,w,t,b
e,x,f,g,c,u,t,b
e,x,f,n,c,u,t,b
e,x,f,g,c,w,t,b
e,x,s,g,w,k,t,e
e,x,y,e,c,u,t,b
e,f,f,g,c,p,t,b
e,x,y,e,c,n,t,b
e,f,f,g,c,n,t,b
e,x,f,g,c,u,t,b
e,x,f,g,c,n,t,b
e,f,f,g,c,p,t,b
e,x,s,w,w,p,t,e
e,x,f,n,c,w,t,b
e,f,f,n,c,w,t,b
e,f,f,g,c,p,t,b
e,x,y,g,c,w,t,b
e,x,f,e,c,u,t,b
e,x,y,e,c,u,t,b
e,x,f,n,c,w,t,b
e,f,y,g,c,w,t,b
e,x,y,g,c,w,t,b
p,x,s,p,w,g,e,b
e,x,y,n,c,p,t,b
e,f,f,g,c,n,t,b
e,x,y,e,c,p,t,b
e,f,f,n,c,p,t,b
e,x,y,n,c,w,t,b
e,x,f,g,c,w,t,b
e,f,f,n,c,p,t,b
e,x,y,n,c,n,t,b
e,x,y,n,c,w,t,b
e,x,f,e,c,w,t,b
e,f,f,g,c,p,t,b
e,x,y,e,c,n,t,b
e,x,y,e,c,u,t,b
e,f,f,n,c,w,t,b
e,x,f,e,c,p,t,b
e,x,f,e,c,n,t,b
e,x,f,w,w,k,t,e
e,x,y,g,c,p,t,b
e,x,f,e,c,p,t,b
e,x,y,g,c,p,t,b
e,x,f,e,c,w,t,b
e,x,f,g,c,p,t,b
e,f,y,e,c,p,t,b
e,f,y,g,c,p,t,b
e,x,y,e,c,p,t,b
e,x,y,g,c,p,t,b
e,f,f,g,w,h,t,e
p,x,f,g,c,g,e,b
e,x,f,e,c,p,t,b
e,x,y,e,c,w,t,b
p,f,s,w,c,w,e,e
e,f,y,n,c,u,t,b
e,x,f,e,c,n,t,b
e,x,y,e,c,n,t,b
e,x,f,g,c,n,t,b
e,x,y,g,c,p,t,b
e,x,f,g,w,n,t,e
e,x,f,n,c,u,t,b
e,f,f,e,c,n,t,b
e,x,y,g,c,u,t,b
e,f,f,n,c,w,t,b
e,f,f,g,w,h,t,e
e,f,f,g,c,p,t,b
e,x,y,n,c,w,t,b
e,f,f,g,c,p,t,b
e,f,y,n,c,u,t,b
e,x,f,g,c,w,t,b
e,x,y,e,c,u,t,b
e,x,y,n,c,n,t,b
e,f,s,g,w,n,t,e
e,x,f,n,c,w,t,b
e,f,f,n,c,n,t,b
e,x,y,e,c,w,t,b
e,x,y,e,c,w,t,b
e,x,y,n,c,n,t,b
e,f,s,w,w,h,t,e
e,x,y,n,c,p,t,b
e,x,y,e,c,p,t,b
e,x,f,g,c,p,t,b
e,f,f,g,c,n,t,b
e,f,f,n,w,n,t,e
e,f,f,g,c,n,t,b
e,x,y,e,c,u,t,b
e,f,f,g,c,n,t,b
e,x,y,n,c,u,t,b
e,x,f,e,c,u,t,b
e,x,f,n,c,w,t,b
e,x,f,g,c,n,t,b
e,f,f,g,c,w,t,b
e,x,f,n,c,p,t,b
e,x,y,n,c,u,t,b
e,x,f,e,c,p,t,b
e,f,f,g,c,n,t,b
e,x,y,n,c,p,t,b
p,x,s,p,w,n,e,b
e,f,y,g,c,w,t,b
e,f,f,n,c,p,t,b
p,f,s,n,c,p,e,e
e,x,y,n,c,u,t,b
e,x,y,g,c,u,t,b
e,x,y,e,c,n,t,b
e,x,y,e,c,n,t,b
e,x,y,e,c,p,t,b
e,x,f,g,c,p,t,b
e,f,s,w,w,n,t,e
e,x,y,g,c,p,t,b
e,x,f,n,w,p,t,e
e,x,f,n,c,w,t,b
e,x,y,g,c,p,t,b
e,x,y,e,c,p,t,b
e,x,y,n,c,u,t,b
e,x,f,g,c,w,t,b
e,x,f,g,c,w,t,b
e,x,y,g,c,w,t,b
e,x,y,g,c,n,t,b
e,f,y,g,c,p,t,b
e,x,f,e,c,p,t,b
e,x,y,e,c,n,t,b
e,x,f,n,c,w,t,b
e,x,f,n,c,w,t,b
e,f,f,n,c,n,t,b
e,f,f,n,c,p,t,b
e,x,y,g,c,u,t,b
e,x,f,e,c,w,t,b
e,f,y,n,c,w,t,b
e,x,y,e,c,p,t,b
e,f,y,n,c,w,t,b
e,x,y,g,c,p,t,b
e,f,f,n,c,n,t,b
e,x,y,g,c,w,t,b
e,x,y,e,c,w,t,b
e,x,y,n,c,p,t,b
e,x,f,g,c,w,t,b
e,x,f,e,c,u,t,b
e,x,f,n,c,u,t,b
e,f,f,n,c,w,t,b
e,f,y,g,c,u,t,b
e,x,f,n,c,w,t,b
e,x,y,e,c,w,t,b
e,f,f,n,c,w,t,b
e,x,y,n,c,w,t,b
e,f,f,n,c,n,t,b
e,x,y,e,c,u,t,b
e,x,y,e,c,u,t,b
e,x,f,g,c,w,t,b
e,x,f,g,c,p,t,b
e,f,f,e,c,u,t,b
e,x,f,n,c,w,t,b
e,x,y,e,c,n,t,b
e,x,y,g,c,u,t,b
e,x,y,g,c,u,t,b
e,x,f,e,c,u,t,b
e,f,f,n,c,w,t,b
e,x,y,n,c,p,t,b
e,x,y,g,c,u,t,b
e,x,f,w,w,h,t,e
e,f,y,g,c,w,t,b
e,f,s,g,w,n,t,e
e,f,f,n,c,u,t,b
e,x,y,e,c,w,t,b
p,f,y,w,c,w,e,e
e,x,y,g,c,n,t,b
e,f,f,n,c,w,t,b
e,x,f,g,c,w,t,b
e,x,f,e,c,n,t,b
e,f,f,g,c,n,t,b
e,x,y,n,c,p,t,b
e,x,y,e,c,n,t,b
e,x,y,n,c,n,t,b
e,x,y,n,c,n,t,b
e,f,f,n,c,p,t,b
e,x,y,g,c,u,t,b
e,x,y,n,c,n,t,b
e,x,f,e,c,w,t,b
e,f,f,n,c,p,t,b
e,x,f,e,c,n,t,b
e,f,s,w,w,k,t,e
e,x,y,n,c,n,t,b
e,x,f,g,c,w,t,b
e,x,f,n,c,w,t,b
e,x,f,e,c,p,t,b
e,f,f,n,c,n,t,b
e,x,f,n,c,u,t,b
e,x,y,n,c,p,t,b
p,f,s,w,c,w,e,e
e,x,f,g,c,w,t,b
e,f,s,w,w,k,t,e
e,x,s,g,w,p,t,e
e,x,f,g,c,p,t,b
e,f,f,n,c,n,t,b
e,x,f,e,c,n,t,b
e,x,y,g,c,n,t,b
e,f,f,n,c,u,t,b
e,x,f,n,c,w,t,b
p,x,f,g,c,h,e,b
e,x,y,e,c,w,t,b
e,x,f,n,w,h,t,e
p,x,s,w,c,n,e,e
e,x,y,g,c,p,t,b
e,f,f,n,c,n,t,b
e,x,f,n,c,p,t,b
e,x,y,g,c,u,t,b
e,x,y,g,c,w,t,b
e,f,f,n,c,u,t,b
e,f,f,n,c,u,t,b
e,x,f,g,c,u,t,b
e,f,f,g,c,n,t,b
e,x,y,e,c,u,t,b
e,x,f,e,c,n,t,b
p,x,s,w,c,n,e,e
e,f,f,g,c,n,t,b
e,x,f,g,c,p,t,b
e,f,y,e,c,w,t,b
e,f,y,g,c,p,t,b
e,x,y,n,c,w,t,b
e,x,y,e,c,w,t,b
e,x,f,e,c,w,t,b
e,x,y,e,c,w,t,b
e,f,f,g,c,n,t,b
e,x,f,g,c,p,t,b
e,f,f,n,c,p,t,b
e,x,y,n,c,p,t,b
e,x,y,g,c,n,t,b
e,x,f,g,c,u,t,b
e,x,y,n,c,p,t,b
e,f,f,n,c,w,t,b
e,x,y,n,c,u,t,b
e,x,y,n,c,p,t,b
e,f,f,n,c,p,t,b
e,x,f,n,c,u,t,b
e,x,f,n,c,p,t,b
e,x,y,n,c,p,t,b
e,f,f,g,c,n,t,b
e,x,f,e,c,u,t,b
e,f,f,n,c,p,t,b
p,x,s,p,c,g,e,b
e,x,f,e,c,u,t,b
e,f,f,n,c,w,t,b
e,x,f,n,c,w,t,b
e,f,f,e,c,u,t,b
e,x,y,e,c,n,t,b
e,x,f,g,c,w,t,b
e,x,f,g,c,n,t,b
e,x,f,g,c,p,t,b
e,x,f,g,c,u,t,b
e,f,f,g,c,p,t,b
e,x,f,e,c,u,t,b
e,f,y,n,c,p,t,b
e,f,y,e,c,u,t,b
e,x,y,g,c,u,t,b
e,x,y,g,c,w,t,b
e,x,f,g,c,n,t,b
p,x,f,g,c,h,e,b
e,x,y,n,c,u,t,b
e,x,y,e,c,p,t,b
e,x,f,n,c,w,t,b
e,f,f,n,c,p,t,b
e,f,f,n,c,p,t,b
e,f,f,g,c,n,t,b
e,f,f,g,c,p,t,b
e,x,y,g,c,w,t,b
e,x,f,g,w,k,t,e
e,x,y,g,c,n,t,b
e,x,f,e,c,p,t,b
e,f,f,n,c,p,t,b
e,x,y,e,c,n,t,b
e,x,f,g,c,p,t,b
e,x,f,n,c,p,t,b
e,x,y,e,c,w,t,b
e,x,f,n,c,w,t,b
e,f,f,g,c,p,t,b
e,x,y,g,c,n,t,b
e,x,y,g,c,u,t,b
e,f,f,n,c,u,t,b
e,x,f,g,c,p,t,b
e,f,f,n,c,p,t,b
e,x,y,e,c,p,t,b
e,x,f,n,c,u,t,b
e,x,y,g,c,w,t,b
e,f,f,g,c,p,t,b
e,x,f,g,c,p,t,b
e,x,f,n,c,w,t,b
e,x,y,g,c,w,t,b
e,x,y,g,c,p,t,b
e,x,y,e,c,n,t,b
e,x,y,n,c,w,t,b
e,x,y,g,c,u,t,b
p,f,y,n,c,k,e,e
e,x,s,g,w,n,t,e
e,x,f,g,c,u,t,b
e,x,f,e,c,n,t,b
p,x,s,p,w,u,e,b
e,x,y,n,c,w,t,b
e,x,f,e,c,p,t,b
e,x,y,n,c,p,t,b
e,x,y,e,c,u,t,b
e,x,s,w,w,k,t,e
e,f,f,g,c,p,t,b
e,x,y,g,c,n,t,b
e,x,y,g,c,n,t,b
e,x,f,e,c,n,t,b
e,x,y,g,c,n,t,b
e,x,y,g,c,w,t,b
e,x,f,e,c,p,t,b
p,f,y,w,c,p,e,e
e,f,f,n,c,u,t,b
e,x,f,e,c,w,t,b
e,x,f,e,c,n,t,b
e,x,y,g,c,p,t,b
e,f,s,w,w,h,t,e
e,x,f,n,w,k,t,e
e,x,f,n,c,w,t,b
e,f,f,n,c,n,t,b
e,x,y,e,c,p,t,b
e,x,y,e,c,u,t,b
e,x,y,e,c,p,t,b
e,f,f,n,c,w,t,b
e,x,f,g,c,w,t,b
e,f,f,n,c,w,t,b
e,f,f,e,c,n,t,b
e,x,y,e,c,w,t,b
p,x,s,w,w,p,e,b
e,f,f,n,c,u,t,b
e,f,f,g,c,p,t,b
e,f,f,n,c,u,t,b
e,x,y,n,c,p,t,b
e,x,f,e,c,w,t,b
e,f,s,w,w,n,t,e
e,x,y,g,c,u,t,b
e,x,f,e,c,p,t,b
e,f,f,n,c,n,t,b
e,f,f,n,c,p,t,b
e,x,y,n,c,n,t,b
e,x,y,g,c,n,t,b
e,x,y,n,c,n,t,b
e,x,f,g,c,u,t,b
e,x,y,n,c,w,t,b
e,x,y,n,c,p,t,b
e,f,f,n,c,p,t,b
e,x,y,g,c,n,t,b
e,x,y,e,c,w,t,b
e,x,y,n,c,n,t,b
p,x,f,g,c,g,e,b
e,f,f,g,c,u,t,b
e,x,y,e,c,u,t,b
p,x,f,g,c,h,e,b
e,x,y,e,c,n,t,b
e,x,f,e,c,n,t,b
p,x,f,g,c,h,e,b
p,x,f,p,w,n,e,b
e,x,f,g,c,u,t,b
e,f,f,g,c,p,t,b
e,x,f,g,c,u,t,b
e,x,y,g,c,w,t,b
e,x,y,g,c,n,t,b
e,f,f,g,c,n,t,b
e,x,f,g,c,w,t,b
e,x,f,e,c,p,t,b
e,x,f,n,c,w,t,b
e,x,y,n,c,u,t,b
e,f,f,n,c,p,t,b
e,f,f,n,c,u,t,b
e,f,f,g,c,n,t,b
e,x,f,g,c,p,t,b
e,x,y,n,c,u,t,b
e,x,y,e,c,w,t,b
e,f,f,n,c,u,t,b
e,x,y,g,c,n,t,b
e,x,y,n,c,u,t,b
p,x,f,w,c,g,e,b
e,f,f,n,c,u,t,b
e,x,y,e,c,w,t,b
e,x,y,n,c,n,t,b
e,f,f,g,c,n,t,b
e,x,f,e,c,w,t,b
p,x,f,g,c,p,e,b
e,x,y,e,c,n,t,b
e,f,f,g,c,p,t,b
e,f,y,e,c,w,t,b
e,x,f,e,c,p,t,b
p,x,f,g,c,p,e,b
e,x,y,n,c,w,t,b
e,x,y,n,c,p,t,b
e,x,y,n,c,p,t,b
e,x,y,n,c,n,t,b
e,x,y,g,c,u,t,b
e,x,y,n,c,n,t,b
e,x,f,g,c,p,t,b
e,x,y,e,c,n,t,b
e,x,y,e,c,n,t,b
e,x,y,g,c,p,t,b
e,f,f,e,c,n,t,b
e,f,f,n,c,n,t,b
e,f,f,n,c,w,t,b
e,x,y,g,c,p,t,b
e,x,y,g,c,w,t,b
e,x,f,e,c,u,t,b
e,f,f,n,c,w,t,b
e,f,f,n,c,p,t,b
e,x,y,e,c,p,t,b
e,x,y,n,c,n,t,b
e,f,f,n,c,p,t,b
e,f,f,n,c,w,t,b
p,x,f,g,c,g,e,b
e,x,f,g,c,n,t,b
e,x,y,n,c,w,t,b
e,x,f,g,c,n,t,b
e,x,f,g,c,n,t,b
e,x,y,g,c,w,t,b
e,f,f,n,c,u,t,b
e,f,f,g,c,n,t,b
e,x,y,n,c,n,t,b
e,x,f,e,c,w,t,b
e,f,f,n,c,n,t,b
p,x,f,g,c,g,e,b
e,x,f,e,c,p,t,b
e,f,f,n,c,n,t,b
e,x,f,e,c,n,t,b
e,x,f,e,c,n,t,b
e,x,y,e,c,p,t,b
e,f,y,g,c,w,t,b
e,f,f,n,c,u,t,b
e,x,f,g,c,n,t,b
e,f,f,g,c,p,t,b
e,x,y,n,c,w,t,b
e,x,y,g,c,p,t,b
e,x,y,g,c,u,t,b
e,x,f,n,c,w,t,b
e,x,y,e,c,p,t,b
e,f,f,n,c,u,t,b
e,x,y,e,c,n,t,b
e,x,f,n,c,n,t,b
e,f,f,n,c,u,t,b
e,x,y,e,c,p,t,b
e,x,f,g,c,w,t,b
e,x,y,n,c,p,t,b
p,x,f,g,c,g,e,b
e,f,f,g,c,n,t,b
e,x,f,n,c,w,t,b
e,f,s,n,w,p,t,e
e,f,f,n,c,w,t,b
e,x,y,g,c,n,t,b
e,f,y,g,c,w,t,b
e,x,y,g,c,w,t,b
e,f,y,e,c,p,t,b
e,x,y,g,c,n,t,b
e,x,f,g,c,n,t,b
e,f,f,g,c,n,t,b
e,x,y,n,c,p,t,b
e,f,f,n,c,u,t,b
e,x,y,e,c,p,t,b
e,x,y,e,c,w,t,b
e,f,y,n,c,u,t,b
e,x,y,n,c,w,t,b
e,x,f,g,c,u,t,b
e,f,f,g,c,p,t,b
e,f,f,w,w,h,t,e
e,x,y,n,c,p,t,b
e,x,f,g,c,u,t,b
e,f,y,e,c,n,t,b
e,x,f,e,c,w,t,b
e,x,y,n,c,u,t,b
e,f,y,n,c,w,t,b
e,x,y,g,c,p,t,b
e,f,f,n,c,w,t,b
e,x,y,e,c,u,t,b
e,x,y,e,c,p,t,b
e,x,y,e,c,w,t,b
e,x,f,e,c,w,t,b
e,x,f,e,c,p,t,b
e,x,f,e,c,p,t,b
e,f,f,n,c,p,t,b
e,x,f,g,c,n,t,b
e,x,f,g,c,p,t,b
e,x,y,g,c,u,t,b
e,x,y,n,c,n,t,b
e,x,f,e,c,n,t,b
e,x,f,e,c,w,t,b
e,x,f,g,c,u,t,b
e,x,f,e,c,w,t,b
e,f,f,n,c,n,t,b
e,x,f,e,c,p,t,b
e,f,f,n,c,w,t,b
e,f,f,n,c,w,t,b
e,f,f,n,c,u,t,b
e,x,f,g,c,n,t,b
e,x,f,e,c,u,t,b
e,x,y,e,c,u,t,b
e,f,f,g,c,n,t,b
e,f,f,n,c,p,t,b
e,x,y,n,c,n,t,b
e,f,f,n,c,u,t,b
p,x,f,p,c,p,e,b
e,x,f,e,c,p,t,b
e,x,f,n,c,w,t,b
e,x,y,e,c,w,t,b
e,f,f,n,c,n,t,b
e,f,f,n,c,w,t,b
e,x,y,g,c,w,t,b
e,f,s,n,w,n,t,e
e,x,y,g,c,w,t,b
e,x,y,n,c,w,t,b
e,x,y,n,c,p,t,b
e,f,f,g,c,p,t,b
e,x,f,e,c,n,t,b
e,f,f,n,c,p,t,b
p,x,f,g,c,h,e,b
e,x,y,e,c,w,t,b
e,x,f,g,c,u,t,b
e,x,f,e,c,n,t,b
e,x,f,e,c,n,t,b
e,x,y,e,c,n,t,b
e,f,f,n,c,w,t,b
e,f,f,n,c,u,t,b
e,x,y,n,c,w,t,b
e,x,f,e,c,u,t,b
e,x,y,e,c,w,t,b
e,x,y,n,c,n,t,b
e,x,y,g,c,u,t,b
e,x,y,n,c,u,t,b
e,x,y,e,c,p,t,b
e,x,f,e,c,u,t,b
e,x,f,e,c,u,t,b
e,x,y,e,c,p,t,b
e,x,y,n,c,p,t,b
e,x,f,e,c,p,t,b
e,f,f,e,c,w,t,b
e,f,f,n,c,w,t,b
e,x,y,e,c,u,t,b
e,x,f,n,c,u,t,b
e,x,y,e,c,n,t,b
e,f,f,g,c,p,t,b
e,x,y,n,c,p,t,b
e,f,y,e,c,n,t,b
e,x,y,n,c,u,t,b
e,x,y,e,c,p,t,b
e,x,y,g,c,u,t,b
e,f,y,g,c,p,t,b
e,x,y,n,c,u,t,b
e,x,s,g,w,h,t,e
e,f,f,n,c,n,t,b
e,x,y,g,c,w,t,b
e,x,y,g,c,n,t,b
e,x,f,n,c,u,t,b
e,x,f,e,c,u,t,b
e,x,y,e,c,n,t,b
e,x,y,n,c,w,t,b
e,x,f,e,c,w,t,b
e,x,y,e,c,u,t,b
e,x,y,n,c,u,t,b
e,f,f,g,c,p,t,b
e,x,f,e,c,u,t,b
e,f,y,n,c,p,t,b
e,x,y,n,c,w,t,b
e,x,f,e,c,w,t,b
e,x,f,g,c,n,t,b
e,x,y,n,c,u,t,b
e,x,y,g,c,n,t,b
p,x,f,g,c,p,e,b
e,x,y,n,c,n,t,b
e,x,f,g,c,p,t,b
e,x,y,n,c,n,t,b
e,x,y,g,c,w,t,b
e,x,y,n,c,w,t,b
e,f,f,n,c,p,t,b
e,f,f,n,c,w,t,b
e,x,y,n,c,n,t,b
e,f,f,n,c,p,t,b
e,f,f,n,c,w,t,b
e,f,y,g,c,u,t,b
e,x,f,g,c,u,t,b
e,x,y,g,c,w,t,b
e,x,y,g,c,u,t,b
e,f,f,n,c,u,t,b
e,x,f,g,c,n,t,b
p,x,f,g,c,g,e,b
e,f,f,n,c,w,t,b
e,x,y,g,c,w,t,b
e,x,f,g,c,u,t,b
p,x,f,g,c,g,e,b
e,f,f,n,c,u,t,b
e,x,y,e,c,n,t,b
e,x,y,n,c,u,t,b
e,x,f,e,c,p,t,b
e,x,f,e,c,p,t,b
e,x,y,n,c,p,t,b
e,f,f,n,c,n,t,b
e,x,f,e,c,n,t,b
e,x,f,g,c,w,t,b
e,f,f,n,c,u,t,b
e,x,y,e,c,p,t,b
e,x,f,g,c,u,t,b
e,f,f,g,c,p,t,b
e,f,f,g,c,p,t,b
e,f,f,n,c,n,t,b
e,x,f,n,c,w,t,b
e,x,y,e,c,w,t,b
e,f,s,g,w,p,t,e
e,x,y,e,c,p,t,b
e,f,f,g,c,p,t,b
e,x,y,e,c,w,t,b
e,x,f,g,c,u,t,b
e,f,f,n,c,w,t,b
e,x,f,e,c,w,t,b
e,x,f,e,c,n,t,b
e,x,f,g,c,w,t,b
p,x,f,w,w,g,e,b
e,x,y,e,c,p,t,b
e,x,f,e,c,n,t,b
e,x,y,n,c,w,t,b
e,f,f,w,w,h,t,e
e,x,f,g,c,n,t,b
e,f,f,g,c,n,t,b
e,x,f,g,c,w,t,b
e,f,y,e,c,w,t,b
e,x,f,e,c,n,t,b
e,x,y,n,c,n,t,b
e,x,y,e,c,n,t,b
e,x,f,e,c,n,t,b
e,f,y,e,c,n,t,b
e,f,f,n,c,w,t,b
e,x,y,g,c,p,t,b
e,x,y,g,c,p,t,b
e,x,f,g,c,n,t,b
e,x,f,e,c,w,t,b
e,x,f,n,c,w,t,b
e,f,f,n,w,n,t,e
e,x,f,e,c,w,t,b
e,x,y,g,c,n,t,b
e,x,y,n,c,u,t,b
e,x,f,g,c,p,t,b
e,x,y,e,c,n,t,b
e,f,f,n,c,u,t,b
e,x,y,g,c,u,t,b
e,f,f,g,c,p,t,b
e,x,f,e,c,u,t,b
e,f,f,n,c,n,t,b
e,x,y,g,c,p,t,b
e,x,y,n,c,p,t,b
e,x,y,e,c,w,t,b
e,x,f,e,c,u,t,b
e,x,f,n,c,u,t,b
e,f,f,n,c,n,t,b
e,x,y,g,c,n,t,b
e,x,f,e,c,w,t,b
e,f,f,n,c,w,t,b
e,f,f,n,c,n,t,b
e,x,y,e,c,u,t,b
e,x,f,g,c,u,t,b
e,x,f,g,c,u,t,b
p,x,f,p,w,u,e,b
e,x,y,n,c,p,t,b
e,x,f,e,c,p,t,b
e,f,s,n,w,p,t,e
e,x,y,g,c,p,t,b
e,x,y,g,c,u,t,b
e,x,f,n,c,u,t,b
e,f,f,g,c,n,t,b
e,x,f,g,c,w,t,b
e,x,y,n,c,w,t,b
e,x,f,e,c,w,t,b
e,x,f,n,c,u,t,b
e,f,f,g,c,n,t,b
e,f,f,n,c,w,t,b
e,x,y,g,c,w,t,b
e,x,y,e,c,u,t,b
e,x,y,g,c,p,t,b
e,f,f,g,c,p,t,b
e,x,f,e,c,u,t,b
p,x,s,p,w,u,e,b
e,f,y,n,c,w,t,b
e,x,y,e,c,w,t,b
e,x,y,g,c,u,t,b
e,x,y,g,c,n,t,b
e,x,f,g,c,n,t,b
e,x,f,e,c,n,t,b
e,x,y,n,c,u,t,b
e,x,y,g,c,p,t,b
e,x,y,e,c,u,t,b
e,x,y,n,c,p,t,b
e,x,y,g,c,w,t,b
e,x,y,n,c,u,t,b
e,x,f,e,c,p,t,b
e,x,f,e,c,p,t,b
e,x,y,g,c,w,t,b
e,f,f,g,c,n,t,b
e,f,f,e,c,w,t,b
e,f,f,g,c,p,t,b
e,x,y,e,c,p,t,b
e,x,y,e,c,p,t,b
e,x,s,w,w,k,t,e
e,x,y,n,c,w,t,b
e,x,y,e,c,n,t,b
e,f,f,e,c,u,t,b
e,x,f,g,c,n,t,b
e,f,f,n,c,n,t,b
p,x,s,g,c,n,e,b
e,f,y,e,c,w,t,b
e,x,y,g,c,w,t,b
e,x,f,n,w,k,t,e
e,x,y,e,c,u,t,b
p,x,f,w,w,u,e,b
e,x,y,e,c,p,t,b
e,f,f,g,c,p,t,b
e,f,f,n,c,u,t,b
e,x,y,n,c,p,t,b
e,f,f,n,c,u,t,b
e,x,f,g,c,n,t,b
e,f,y,n,c,n,t,b
e,x,y,g,c,w,t,b
e,f,y,n,c,p,t,b
e,x,f,g,c,n,t,b
p,x,f,g,c,h,e,b
e,x,y,g,c,n,t,b
e,x,y,g,c,w,t,b
e,x,f,g,c,n,t,b
e,x,f,e,c,p,t,b
e,x,f,g,c,p,t,b
e,x,f,g,c,p,t,b
e,f,f,g,c,n,t,b
e,x,y,e,c,n,t,b
e,x,f,g,c,p,t,b
e,x,y,e,c,u,t,b
e,x,f,n,c,w,t,b
e,x,y,g,c,u,t,b
e,x,y,e,c,n,t,b
e,f,f,n,c,p,t,b
e,x,f,e,c,w,t,b
e,f,y,n,c,u,t,b
e,x,y,n,c,w,t,b
e,x,y,g,c,u,t,b
e,f,f,e,c,u,t,b
e,x,f,g,c,u,t,b
e,x,y,g,c,n,t,b
e,x,y,g,c,w,t,b
p,x,f,g,c,g,e,b
e,x,f,g,c,p,t,b
e,x,f,g,c,n,t,b
e,x,f,n,c,p,t,b
e,x,f,g,c,w,t,b
e,f,f,n,c,n,t,b
e,x,y,n,c,p,t,b
e,x,f,e,c,p,t,b
e,x,y,n,c,w,t,b
e,f,y,g,c,w,t,b
e,f,f,g,c,n,t,b
p,x,f,g,c,h,e,b
e,x,f,n,c,u,t,b
e,x,y,n,c,u,t,b
e,x,f,e,c,n,t,b
e,x,f,n,c,u,t,b
e,f,f,n,c,p,t,b
e,x,y,g,c,w,t,b
e,x,y,n,c,u,t,b
e,x,y,e,c,p,t,b
e,f,f,g,c,p,t,b
e,x,f,g,c,w,t,b
e,x,y,e,c,n,t,b
e,x,y,e,c,u,t,b
e,x,f,g,c,p,t,b
e,x,y,n,c,p,t,b
e,x,f,e,c,u,t,b
e,f,f,n,c,n,t,b
e,x,f,e,c,p,t,b
e,f,f,n,c,n,t,b
e,x,y,e,c,n,t,b
e,x,f,n,c,n,t,b
e,x,f,e,c,w,t,b
e,x,f,e,c,w,t,b
e,x,f,n,c,u,t,b
e,x,y,n,c,n,t,b
e,x,y,e,c,w,t,b
e,f,f,n,c,u,t,b
e,x,y,n,c,u,t,b
e,x,y,e,c,u,t,b
e,f,f,g,w,n,t,e
e,x,y,e,c,w,t,b
e,x,y,e,c,p,t,b
e,f,f,n,c,u,t,b
e,f,f,n,c,n,t,b
e,x,f,g,c,u,t,b
e,x,y,g,c,w,t,b
e,x,f,n,c,u,t,b
e,f,f,n,c,w,t,b
e,x,y,n,c,u,t,b
e,x,y,g,c,u,t,b
e,x,f,g,c,w,t,b
e,x,y,e,c,p,t,b
e,x,f,g,c,u,t,b
e,x,y,e,c,u,t,b
e,x,f,g,c,p,t,b
e,x,f,e,c,u,t,b
e,x,f,e,c,w,t,b
e,x,f,e,c,u,t,b
e,f,y,g,c,w,t,b
e,x,f,g,c,w,t,b
e,x,f,e,c,w,t,b
e,x,f,g,c,w,t,b
e,f,f,n,c,p,t,b
p,x,f,g,c,h,e,b
e,x,f,n,c,w,t,b
e,x,y,g,c,p,t,b
e,f,f,n,c,n,t,b
e,x,f,e,c,u,t,b
e,f,f,g,c,u,t,b
e,x,y,n,c,n,t,b
e,x,y,e,c,n,t,b
e,x,y,e,c,w,t,b
e,x,y,n,c,u,t,b
e,x,y,n,c,n,t,b
p,x,y,y,c,h,e,b
e,f,y,n,c,u,t,b
p,x,f,g,c,p,e,b
p,x,f,g,w,g,e,b
e,f,f,g,c,u,t,b
e,f,f,e,c,u,t,b
e,f,y,n,c,p,t,b
e,f,f,e,c,p,t,b
p,x,f,g,c,h,e,b
e,f,f,g,c,w,t,b
e,f,y,e,c,u,t,b
e,f,y,e,c,u,t,b
p,x,f,w,c,p,e,b
e,x,f,e,c,u,t,b
e,f,y,n,c,u,t,b
p,x,f,g,c,g,e,b
p,x,f,g,c,g,e,b
e,f,y,e,c,p,t,b
e,f,y,e,c,n,t,b
e,f,f,n,c,w,t,b
e,f,f,g,c,w,t,b
e,f,f,e,c,w,t,b
e,f,y,e,c,u,t,b
e,f,y,e,c,w,t,b
e,f,y,e,c,p,t,b
p,x,f,p,w,u,e,b
p,x,f,g,c,g,e,b
e,f,f,e,c,p,t,b
e,f,y,g,c,w,t,b
e,f,y,g,c,w,t,b
e,f,f,g,c,w,t,b
e,f,f,e,c,u,t,b
e,f,y,e,c,w,t,b
p,f,f,g,c,h,e,b
e,f,y,n,c,w,t,b
e,f,y,e,c,p,t,b
p,x,f,g,c,p,e,b
e,f,f,e,c,p,t,b
e,f,y,e,c,p,t,b
p,x,y,y,c,p,e,b
p,f,f,y,c,p,e,b
e,f,y,n,c,u,t,b
e,f,y,n,c,p,t,b
e,f,y,g,c,w,t,b
e,f,y,n,c,p,t,b
e,x,y,e,c,n,t,b
p,x,s,p,w,n,e,b
e,f,y,n,c,p,t,b
e,x,y,e,c,u,t,b
e,f,f,e,c,p,t,b
e,f,y,n,c,n,t,b
p,x,s,w,c,p,e,b
e,f,f,g,c,w,t,b
e,f,y,g,c,u,t,b
e,f,y,g,c,p,t,b
e,f,y,n,c,p,t,b
p,x,s,g,c,u,e,b
p,x,f,p,c,n,e,b
e,f,y,e,c,u,t,b
p,x,f,g,c,p,e,b
p,x,s,w,w,g,e,b
p,x,f,g,c,g,e,b
e,f,y,n,c,n,t,b
p,x,y,y,c,g,e,b
e,f,y,g,c,u,t,b
e,f,y,n,c,u,t,b
e,f,y,g,c,p,t,b
p,x,s,w,c,p,e,b
p,x,f,g,c,g,e,b
e,f,y,g,c,u,t,b
e,x,y,n,c,w,t,b
e,f,y,g,c,n,t,b
p,x,f,g,c,p,e,b
e,f,y,n,c,p,t,b
p,f,f,g,c,h,e,b
e,f,f,e,c,n,t,b
e,x,f,n,c,u,t,b
p,f,f,g,c,g,e,b
e,f,y,g,c,u,t,b
e,f,y,g,c,u,t,b
e,f,y,e,c,p,t,b
p,x,f,g,c,g,e,b
e,f,f,e,c,p,t,b
e,f,y,n,c,u,t,b
p,x,f,g,c,p,e,b
e,f,y,e,c,u,t,b
p,x,f,g,c,h,e,b
e,f,y,e,c,w,t,b
p,x,f,g,c,h,e,b
p,x,f,g,c,g,e,b
p,x,f,g,c,g,e,b
e,f,y,e,c,u,t,b
p,x,f,g,c,p,e,b
e,f,f,e,c,u,t,b
p,x,s,g,w,g,e,b
e,f,y,g,c,w,t,b
p,x,s,p,c,p,e,b
e,f,f,e,c,n,t,b
e,f,f,e,c,u,t,b
e,f,y,e,c,p,t,b
e,f,y,n,c,n,t,b
p,x,f,g,c,p,e,b
p,f,f,y,c,g,e,b
p,x,s,g,w,g,e,b
e,f,f,e,c,u,t,b
e,f,f,e,c,w,t,b
e,f,y,e,c,u,t,b
e,f,y,n,c,w,t,b
p,x,f,g,c,p,e,b
p,x,f,g,c,u,e,b
e,f,f,g,c,w,t,b
e,f,y,e,c,n,t,b
e,f,y,e,c,n,t,b
e,f,f,g,c,w,t,b
e,f,y,n,c,p,t,b
e,f,y,n,c,n,t,b
e,f,f,e,c,n,t,b
p,x,s,g,c,u,e,b
p,x,f,w,c,n,e,b
e,f,f,g,c,u,t,b
e,f,y,g,c,w,t,b
p,x,f,g,c,p,e,b
e,x,y,e,c,n,t,b
p,x,s,w,w,p,e,b
e,f,y,g,c,n,t,b
e,f,y,g,c,n,t,b
e,f,y,g,c,p,t,b
e,f,f,e,c,w,t,b
e,f,y,n,c,w,t,b
e,f,y,g,c,p,t,b
e,f,y,n,c,u,t,b
e,f,y,g,c,p,t,b
e,f,y,g,c,u,t,b
e,x,f,n,c,u,t,b
e,f,y,e,c,p,t,b
e,f,f,e,c,p,t,b
e,f,y,e,c,p,t,b
p,x,f,y,c,g,e,b
e,f,y,g,c,u,t,b
e,f,y,n,c,p,t,b
p,x,f,g,c,p,e,b
e,f,y,g,c,w,t,b
e,f,y,g,c,u,t,b
e,f,y,g,c,p,t,b
e,f,y,e,c,n,t,b
e,f,y,g,c,n,t,b
p,x,s,w,c,g,e,b
p,x,f,w,w,n,e,b
e,f,f,n,c,n,t,b
e,f,f,e,c,u,t,b
e,f,y,e,c,n,t,b
p,x,f,g,c,h,e,b
e,f,f,g,c,p,t,b
e,f,f,g,c,n,t,b
e,f,f,g,c,u,t,b
p,x,s,w,w,g,e,b
e,x,y,e,c,n,t,b
e,f,y,e,c,u,t,b
p,x,f,g,c,g,e,b
e,f,f,e,c,w,t,b
p,x,f,g,c,p,e,b
p,x,f,p,w,g,e,b
e,f,y,g,c,w,t,b
p,x,f,g,c,g,e,b
p,x,f,w,c,g,e,b
p,x,f,g,c,p,e,b
e,f,y,e,c,w,t,b
p,x,y,g,c,p,e,b
p,x,s,g,w,u,e,b
e,f,y,g,c,n,t,b
e,f,y,n,c,p,t,b
e,f,f,e,c,n,t,b
p,x,f,g,c,p,e,b
p,x,f,p,w,g,e,b
e,x,y,n,c,p,t,b
e,f,f,e,c,w,t,b
e,f,y,n,c,w,t,b
e,f,y,g,c,n,t,b
p,x,y,g,c,g,e,b
e,f,y,n,c,u,t,b
p,x,f,p,c,u,e,b
p,x,f,w,c,n,e,b
e,f,f,e,c,w,t,b
e,f,y,n,c,p,t,b
e,f,y,e,c,u,t,b
e,f,y,g,c,u,t,b
p,x,f,g,c,g,e,b
p,x,f,g,c,p,e,b
e,f,f,e,c,p,t,b
p,x,y,y,c,g,e,b
p,x,s,p,c,u,e,b
e,f,f,e,c,p,t,b
p,f,f,y,c,p,e,b
e,f,y,e,c,u,t,b
e,f,y,e,c,n,t,b
e,x,f,n,c,u,t,b
e,f,f,e,c,w,t,b
e,f,f,g,c,w,t,b
p,x,f,g,c,p,e,b
e,f,y,e,c,u,t,b
p,f,f,g,c,h,e,b
e,f,y,e,c,u,t,b
e,f,f,e,c,p,t,b
e,f,f,g,c,w,t,b
p,x,f,g,c,g,e,b
e,f,y,g,c,u,t,b
e,f,y,g,c,u,t,b
p,x,f,g,c,h,e,b
p,x,f,w,c,u,e,b
e,f,f,e,c,w,t,b
p,x,f,y,c,g,e,b
e,f,y,e,c,w,t,b
e,f,y,g,c,n,t,b
e,f,f,e,c,n,t,b
e,f,f,g,c,u,t,b
e,f,y,g,c,w,t,b
e,f,f,e,c,p,t,b
p,x,s,g,w,g,e,b
e,f,y,g,c,u,t,b
e,f,y,n,c,w,t,b
e,f,y,g,c,n,t,b
e,f,y,g,c,n,t,b
e,f,y,n,c,w,t,b
e,x,f,g,c,n,t,b
e,f,f,g,c,u,t,b
p,x,f,g,c,p,e,b
p,x,s,w,w,p,e,b
e,f,f,g,c,u,t,b
e,f,f,g,c,w,t,b
e,f,y,g,c,n,t,b
p,x,f,g,c,h,e,b
p,x,s,w,w,u,e,b
p,x,f,g,c,p,e,b
e,x,y,g,c,n,t,b
p,x,f,g,c,h,e,b
e,f,y,e,c,p,t,b
e,f,y,g,c,p,t,b
e,x,f,g,c,w,t,b
p,x,f,g,c,h,e,b
e,f,y,g,c,p,t,b
e,f,y,g,c,n,t,b
p,x,s,w,c,p,e,b
p,x,y,y,c,g,e,b
e,f,f,e,c,n,t,b
p,x,f,g,c,g,e,b
p,x,f,g,c,g,e,b
e,x,y,n,c,u,t,b
p,x,f,g,c,g,e,b
e,f,y,n,c,u,t,b
e,f,f,g,c,u,t,b
e,f,y,g,c,p,t,b
e,f,y,g,c,u,t,b
p,x,s,g,w,n,e,b
e,f,f,g,c,w,t,b
e,f,y,e,c,n,t,b
e,f,y,n,c,n,t,b
e,f,y,g,c,u,t,b
p,x,f,p,c,g,e,b
p,x,f,g,c,p,e,b
e,f,y,g,c,p,t,b
e,f,f,g,c,u,t,b
p,x,s,p,w,p,e,b
e,x,y,g,c,u,t,b
p,x,f,g,c,h,e,b
p,x,f,g,c,h,e,b
e,f,y,n,c,w,t,b
e,f,y,n,c,p,t,b
p,x,s,g,c,u,e,b
p,f,f,g,c,g,e,b
p,x,f,p,w,p,e,b
e,f,y,e,c,w,t,b
e,f,y,g,c,w,t,b
e,f,f,e,c,n,t,b
p,x,f,y,c,p,e,b
e,f,f,g,c,w,t,b
p,x,f,w,w,p,e,b
p,x,f,g,c,g,e,b
e,f,f,e,c,p,t,b
e,f,y,g,c,w,t,b
p,x,f,g,c,p,e,b
p,x,f,g,c,h,e,b
p,x,s,p,w,p,e,b
e,x,y,g,c,u,t,b
p,x,f,g,c,p,e,b
e,f,y,n,c,w,t,b
e,x,y,n,c,u,t,b
e,f,y,e,c,p,t,b
e,f,y,g,c,p,t,b
e,f,f,e,c,p,t,b
e,f,y,g,c,p,t,b
e,f,f,g,c,w,t,b
p,x,f,p,w,n,e,b
e,f,f,e,c,n,t,b
e,f,f,e,c,u,t,b
p,x,s,w,w,n,e,b
e,f,f,g,c,w,t,b
e,f,y,n,c,n,t,b
p,x,f,g,c,h,e,b
e,f,f,e,c,n,t,b
p,x,f,g,c,h,e,b
e,f,f,e,c,w,t,b
e,f,y,g,c,u,t,b
e,f,f,g,c,w,t,b
p,x,f,g,c,g,e,b
e,f,y,e,c,n,t,b
p,x,f,w,c,p,e,b
e,f,y,n,c,n,t,b
e,x,y,g,c,p,t,b
e,f,y,n,c,u,t,b
e,f,y,e,c,n,t,b
e,f,y,g,c,p,t,b
e,f,y,e,c,u,t,b
p,x,f,g,c,h,e,b
e,f,y,g,c,u,t,b
e,f,y,g,c,w,t,b
e,f,f,g,c,w,t,b
e,f,y,g,c,p,t,b
e,f,f,e,c,p,t,b
e,f,f,e,c,n,t,b
e,f,y,n,c,p,t,b
e,f,f,n,c,w,t,b
p,x,f,p,c,u,e,b
p,x,f,g,c,p,e,b
e,f,y,g,c,n,t,b
e,f,y,e,c,u,t,b
p,x,s,w,c,g,e,b
p,x,f,p,w,g,e,b
p,x,f,g,c,g,e,b
e,x,f,g,c,p,t,b
e,f,y,e,c,u,t,b
p,x,s,p,w,p,e,b
e,f,y,g,c,n,t,b
e,f,y,n,c,n,t,b
p,x,f,g,c,g,e,b
e,f,y,n,c,w,t,b
e,x,f,e,c,p,t,b
p,x,f,w,w,g,e,b
e,f,y,n,c,n,t,b
p,x,f,g,c,g,e,b
e,f,y,e,c,n,t,b
p,x,f,y,c,p,e,b
e,f,f,g,c,u,t,b
e,x,f,e,c,n,t,b
e,f,y,e,c,n,t,b
e,f,y,g,c,u,t,b
p,x,f,g,w,u,e,b
e,f,y,g,c,w,t,b
e,f,f,e,c,n,t,b
p,x,f,g,c,h,e,b
e,f,y,n,c,w,t,b
p,x,s,g,w,g,e,b
p,x,f,g,c,h,e,b
e,f,f,e,c,u,t,b
e,f,y,n,c,u,t,b
e,f,y,g,c,n,t,b
e,f,f,g,c,u,t,b
p,x,f,w,c,p,e,b
p,x,f,g,c,p,e,b
p,x,f,g,w,u,e,b
e,f,f,e,c,n,t,b
e,f,y,e,c,w,t,b
p,f,y,g,c,h,e,b
p,x,f,g,c,h,e,b
e,f,y,e,c,p,t,b
p,x,f,p,w,g,e,b
p,x,s,g,c,u,e,b
e,f,y,e,c,w,t,b
e,f,f,e,c,p,t,b
e,f,y,e,c,w,t,b
e,f,y,n,c,w,t,b
p,x,s,p,w,g,e,b
p,x,f,g,c,p,e,b
e,f,f,e,c,w,t,b
e,f,y,e,c,u,t,b
e,f,f,g,c,u,t,b
e,f,f,e,c,u,t,b
e,f,y,n,c,n,t,b
e,f,y,e,c,w,t,b
p,f,f,y,c,g,e,b
e,x,f,g,c,p,t,b
p,x,s,p,w,p,e,b
e,x,y,e,c,w,t,b
e,f,f,g,c,u,t,b
e,f,f,e,c,u,t,b
e,x,f,e,c,u,t,b
e,f,y,g,c,p,t,b
e,f,f,e,c,n,t,b
p,x,s,w,w,n,e,b
p,x,y,g,c,g,e,b
p,x,f,p,c,n,e,b
e,f,y,g,c,w,t,b
e,x,y,n,c,w,t,b
p,x,f,g,c,n,e,b
e,f,y,n,c,w,t,b
p,x,f,p,c,g,e,b
e,f,f,e,c,n,t,b
p,x,s,w,w,n,e,b
e,x,y,n,c,n,t,b
p,x,f,g,c,g,e,b
p,x,s,g,c,n,e,b
e,f,y,n,c,n,t,b
p,x,f,g,c,g,e,b
p,x,s,p,c,p,e,b
e,f,y,e,c,u,t,b
p,x,s,g,w,p,e,b
e,x,y,g,c,p,t,b
e,x,y,g,c,w,t,b
e,f,y,n,c,n,t,b
e,f,y,n,c,u,t,b
e,f,f,n,c,u,t,b
p,x,s,g,c,n,e,b
e,f,f,g,c,w,t,b
e,x,f,e,c,u,t,b
e,f,f,g,c,w,t,b
e,f,y,e,c,n,t,b
e,f,y,n,c,n,t,b
p,x,f,g,c,g,e,b
p,x,s,g,c,p,e,b
e,f,y,e,c,w,t,b
e,x,y,g,c,w,t,b
p,x,f,g,w,g,e,b
e,f,y,n,c,n,t,b
e,f,y,g,c,n,t,b
e,f,f,e,c,u,t,b
p,x,f,y,c,p,e,b
p,x,s,g,w,p,e,b
e,f,y,g,c,n,t,b
e,f,y,n,c,p,t,b
e,f,y,n,c,u,t,b
e,f,y,g,c,p,t,b
e,f,y,g,c,n,t,b
p,x,f,g,c,g,e,b
e,f,y,g,c,w,t,b
e,f,f,e,c,p,t,b
p,x,f,g,w,g,e,b
e,f,y,g,c,u,t,b
p,f,y,g,c,h,e,b
e,f,f,e,c,u,t,b
p,x,f,g,c,h,e,b
e,f,y,g,c,u,t,b
p,x,f,p,c,n,e,b
e,f,f,e,c,w,t,b
p,x,f,p,w,p,e,b
p,x,s,w,c,u,e,b
e,f,y,g,c,n,t,b
p,x,s,p,w,u,e,b
p,x,f,g,c,g,e,b
e,x,f,n,c,u,t,b
e,f,y,g,c,p,t,b
e,f,y,e,c,u,t,b
p,x,f,g,c,p,e,b
p,x,f,g,w,n,e,b
p,x,f,g,c,g,e,b
p,x,f,w,w,u,e,b
e,f,y,n,c,p,t,b
e,f,y,g,c,p,t,b
p,x,f,w,w,g,e,b
e,x,y,g,c,w,t,b
e,f,y,n,c,w,t,b
e,f,f,g,c,u,t,b
e,x,y,e,c,p,t,b
e,f,y,e,c,n,t,b
p,x,f,w,w,n,e,b
e,f,f,e,c,p,t,b
p,x,y,y,c,h,e,b
e,f,f,g,c,p,t,b
e,f,y,n,c,n,t,b
p,x,f,g,w,p,e,b
p,x,s,p,c,n,e,b
e,f,f,e,c,u,t,b
e,x,f,g,c,p,t,b
e,f,y,g,c,u,t,b
p,x,f,g,c,h,e,b
e,x,y,n,c,u,t,b
e,f,y,g,c,n,t,b
e,f,f,g,c,u,t,b
p,x,f,g,c,p,e,b
e,f,y,n,c,p,t,b
p,x,f,g,c,h,e,b
e,f,y,g,c,u,t,b
e,f,f,e,c,u,t,b
e,f,f,e,c,n,t,b
p,x,s,w,c,u,e,b
p,x,f,w,w,p,e,b
e,f,f,e,c,w,t,b
e,f,f,e,c,p,t,b
e,f,y,n,c,u,t,b
p,x,f,g,c,h,e,b
e,f,y,g,c,w,t,b
p,x,f,g,c,p,e,b
e,f,f,e,c,w,t,b
p,x,f,g,c,h,e,b
e,f,y,g,c,u,t,b
e,f,f,e,c,u,t,b
e,f,y,n,c,w,t,b
p,x,f,g,c,h,e,b
e,f,f,e,c,u,t,b
e,x,f,g,c,p,t,b
e,f,y,g,c,n,t,b
p,x,f,w,w,u,e,b
e,f,f,e,c,p,t,b
e,f,f,e,c,n,t,b
e,f,y,e,c,u,t,b
e,x,f,e,c,n,t,b
e,f,y,n,c,u,t,b
p,x,f,g,c,p,e,b
e,x,f,g,c,n,t,b
p,x,f,g,c,g,e,b
e,f,y,g,c,n,t,b
e,f,y,n,c,p,t,b
p,x,y,g,c,h,e,b
e,f,y,g,c,w,t,b
p,f,f,g,c,p,e,b
e,f,y,e,c,w,t,b
p,x,s,g,c,g,e,b
e,f,y,e,c,u,t,b
e,f,y,n,c,u,t,b
e,x,f,e,c,n,t,b
e,f,y,e,c,n,t,b
e,f,y,g,c,w,t,b
p,x,s,p,w,n,e,b
p,f,f,g,c,h,e,b
e,f,f,g,c,w,t,b
e,f,f,e,c,w,t,b
p,x,f,p,c,u,e,b
e,f,f,n,c,p,t,b
e,f,y,g,c,p,t,b
e,f,y,e,c,p,t,b
e,f,y,e,c,w,t,b
e,x,f,g,c,n,t,b
p,x,s,w,w,p,e,b
e,f,y,g,c,n,t,b
p,x,y,g,c,p,e,b
e,f,y,n,c,p,t,b
e,f,y,n,c,p,t,b
p,x,s,g,w,n,e,b
e,f,y,g,c,p,t,b
e,f,y,e,c,w,t,b
p,x,f,g,c,g,e,b
e,x,y,n,c,w,t,b
e,f,y,e,c,u,t,b
e,f,f,e,c,n,t,b
p,x,s,p,c,n,e,b
p,x,f,g,c,h,e,b
e,f,y,e,c,p,t,b
e,f,y,g,c,p,t,b
p,x,s,p,c,p,e,b
e,f,f,g,c,u,t,b
e,f,f,e,c,n,t,b
e,f,f,n,c,u,t,b
e,x,y,g,c,n,t,b
e,x,y,n,c,w,t,b
e,f,y,n,c,u,t,b
p,x,f,p,c,p,e,b
e,f,f,e,c,p,t,b
p,x,y,y,c,p,e,b
p,x,s,g,w,p,e,b
e,f,y,n,c,w,t,b
p,f,f,g,c,p,e,b
p,x,f,g,w,n,e,b
e,f,y,g,c,p,t,b
e,f,y,g,c,u,t,b
e,f,y,g,c,w,t,b
e,x,y,n,c,w,t,b
p,x,f,y,c,p,e,b
e,f,f,g,c,u,t,b
p,x,f,g,c,p,e,b
e,f,y,e,c,u,t,b
e,f,f,e,c,w,t,b
p,f,f,g,c,p,e,b
e,f,f,e,c,p,t,b
p,x,f,y,c,g,e,b
e,f,f,e,c,u,t,b
e,f,f,g,c,u,t,b
e,f,f,e,c,p,t,b
e,f,y,e,c,n,t,b
e,f,y,e,c,n,t,b
e,f,y,n,c,n,t,b
e,f,f,g,c,w,t,b
e,f,f,e,c,p,t,b
p,x,f,g,c,g,e,b
e,f,y,n,c,u,t,b
p,x,f,g,c,n,e,b
e,f,y,n,c,w,t,b
e,f,y,g,c,w,t,b
e,x,f,e,c,p,t,b
e,f,y,e,c,p,t,b
e,f,f,g,c,p,t,b
e,x,y,g,c,p,t,b
p,x,f,p,c,g,e,b
e,x,y,n,c,n,t,b
e,f,y,n,c,n,t,b
e,f,y,g,c,w,t,b
p,f,f,g,c,g,e,b
e,f,y,g,c,w,t,b
e,f,y,e,c,n,t,b
p,x,f,g,c,g,e,b
e,f,y,n,c,n,t,b
p,x,f,g,c,h,e,b
e,f,f,e,c,w,t,b
e,x,y,n,c,w,t,b
e,x,y,g,c,p,t,b
e,f,y,e,c,u,t,b
p,x,y,g,c,p,e,b
p,x,s,g,c,g,e,b
p,x,f,g,c,p,e,b
p,x,f,g,c,p,e,b
p,f,f,g,c,p,e,b
e,f,f,g,c,u,t,b
p,x,f,g,c,g,e,b
e,f,y,e,c,p,t,b
e,f,y,n,c,w,t,b
e,f,y,n,c,n,t,b
p,x,y,y,c,p,e,b
e,f,y,g,c,n,t,b
p,x,f,p,w,u,e,b
e,f,f,e,c,w,t,b
e,f,y,n,c,n,t,b
e,x,y,n,c,n,t,b
e,f,f,e,c,p,t,b
p,x,f,g,c,h,e,b
p,x,f,g,c,h,e,b
e,f,f,g,c,n,t,b
e,x,f,n,c,u,t,b
p,x,f,g,c,p,e,b
e,f,f,g,c,w,t,b
p,x,f,p,c,g,e,b
e,f,y,n,c,n,t,b
e,f,y,g,c,n,t,b
p,x,f,g,c,g,e,b
e,x,f,e,c,w,t,b
p,x,s,g,w,u,e,b
p,x,f,g,c,h,e,b
e,f,y,n,c,n,t,b
p,x,f,g,c,g,e,b
e,f,y,e,c,p,t,b
e,f,f,g,c,u,t,b
e,f,f,g,c,w,t,b
e,f,y,n,c,w,t,b
e,f,y,e,c,u,t,b
e,f,y,g,c,p,t,b
e,f,y,e,c,u,t,b
e,f,y,n,c,n,t,b
p,x,y,y,c,p,e,b
e,f,f,g,c,u,t,b
e,f,y,n,c,u,t,b
p,x,f,g,c,g,e,b
p,x,f,g,c,p,e,b
p,x,f,g,c,p,e,b
e,f,y,e,c,u,t,b
e,f,y,n,c,p,t,b
p,x,y,g,c,p,e,b
p,x,f,g,c,p,e,b
p,f,y,g,c,p,e,b
e,f,y,n,c,w,t,b
p,x,f,g,w,n,e,b
e,f,f,e,c,n,t,b
p,f,f,y,c,h,e,b
e,f,y,n,c,u,t,b
e,x,y,e,c,u,t,b
p,x,f,g,c,h,e,b
e,x,y,n,c,p,t,b
p,x,s,w,c,g,e,b
e,f,y,g,c,p,t,b
e,f,f,e,c,p,t,b
e,f,y,g,c,p,t,b
p,x,f,g,c,g,e,b
e,f,y,e,c,u,t,b
e,f,y,e,c,p,t,b
p,x,s,p,c,g,e,b
e,f,f,e,c,u,t,b
e,f,f,g,c,u,t,b
e,f,f,g,c,w,t,b
e,f,f,g,c,u,t,b
p,x,f,g,c,h,e,b
e,f,y,n,c,p,t,b
e,f,y,g,c,n,t,b
e,f,y,n,c,u,t,b
p,x,s,p,c,n,e,b
e,f,y,e,c,n,t,b
e,f,y,g,c,p,t,b
e,f,y,e,c,n,t,b
p,x,s,w,c,u,e,b
p,x,f,g,c,h,e,b
e,f,y,n,c,w,t,b
p,x,f,g,c,g,e,b
p,x,f,w,c,n,e,b
e,f,y,n,c,w,t,b
e,f,y,g,c,p,t,b
e,f,y,g,c,n,t,b
e,f,y,g,c,w,t,b
p,x,f,w,w,p,e,b
e,f,f,e,c,u,t,b
p,x,f,g,c,g,e,b
e,f,y,n,c,w,t,b
e,f,y,n,c,p,t,b
p,x,s,p,c,u,e,b
e,f,y,g,c,n,t,b
p,x,s,p,c,g,e,b
e,x,y,n,c,n,t,b
p,x,y,g,c,p,e,b
e,f,y,e,c,w,t,b
p,x,f,p,c,p,e,b
p,x,f,g,c,p,e,b
e,f,f,e,c,u,t,b
e,f,f,e,c,w,t,b
p,x,f,g,c,u,e,b
p,x,f,g,c,p,e,b
e,f,y,g,c,n,t,b
p,x,f,g,c,p,e,b
e,f,f,e,c,w,t,b
e,f,y,n,c,u,t,b
p,f,y,y,c,h,e,b
e,f,y,e,c,n,t,b
e,f,y,e,c,p,t,b
e,f,y,n,c,w,t,b
e,x,f,n,c,w,t,b
p,f,y,g,c,g,e,b
e,f,y,g,c,u,t,b
e,f,f,e,c,w,t,b
e,f,y,n,c,p,t,b
e,x,y,g,c,p,t,b
e,x,y,n,c,w,t,b
p,x,f,g,c,p,e,b
p,x,s,w,w,g,e,b
p,f,f,y,c,g,e,b
e,f,y,n,c,u,t,b
e,f,y,e,c,p,t,b
e,f,f,e,c,u,t,b
e,f,f,e,c,w,t,b
e,f,y,e,c,w,t,b
e,f,y,n,c,n,t,b
e,f,y,e,c,n,t,b
p,x,y,g,c,h,e,b
e,f,y,e,c,w,t,b
e,f,y,n,c,p,t,b
p,x,f,g,c,p,e,b
p,x,f,w,w,p,e,b
p,x,f,g,w,p,e,b
e,x,y,n,c,u,t,b
p,f,f,y,c,h,e,b
p,x,s,g,w,n,e,b
e,f,y,e,c,w,t,b
e,f,y,e,c,u,t,b
e,f,f,e,c,p,t,b
p,x,f,y,c,p,e,b
e,f,y,n,c,u,t,b
e,f,f,e,c,w,t,b
e,f,y,e,c,u,t,b
p,x,f,y,c,p,e,b
p,x,f,g,c,n,e,b
e,f,f,e,c,u,t,b
p,x,s,g,c,g,e,b
p,x,f,w,c,u,e,b
p,x,f,g,c,h,e,b
e,f,y,g,c,n,t,b
e,f,f,e,c,n,t,b
p,f,f,y,c,p,e,b
e,f,f,e,c,u,t,b
e,f,y,e,c,w,t,b
e,f,f,g,c,u,t,b
e,f,y,e,c,n,t,b
e,f,f,g,c,u,t,b
e,f,y,n,c,u,t,b
e,f,y,e,c,w,t,b
e,f,y,n,c,w,t,b
e,f,f,e,c,n,t,b
e,f,y,e,c,w,t,b
e,f,f,g,c,w,t,b
e,x,f,g,c,p,t,b
e,f,y,n,c,p,t,b
e,f,y,n,c,p,t,b
e,x,f,e,c,n,t,b
e,f,f,n,c,p,t,b
p,x,f,g,c,h,e,b
e,f,y,e,c,p,t,b
e,x,y,g,c,n,t,b
e,f,y,n,c,w,t,b
e,f,y,n,c,w,t,b
e,f,y,g,c,w,t,b
p,x,f,g,c,h,e,b
e,f,f,e,c,w,t,b
p,f,f,g,c,g,e,b
e,f,y,g,c,u,t,b
e,f,y,g,c,n,t,b
e,f,f,g,c,u,t,b
p,f,f,y,c,h,e,b
e,x,y,n,c,n,t,b
e,f,y,g,c,p,t,b
p,f,f,g,c,h,e,b
e,f,y,n,c,w,t,b
p,x,f,g,w,u,e,b
e,f,y,e,c,w,t,b
p,x,s,w,w,g,e,b
e,f,y,n,c,n,t,b
p,x,s,w,c,n,e,b
e,f,y,e,c,p,t,b
e,f,f,g,c,u,t,b
e,f,f,e,c,p,t,b
e,f,y,e,c,w,t,b
p,x,s,g,c,p,e,b
e,f,y,e,c,n,t,b
e,f,y,e,c,n,t,b
p,x,f,p,w,n,e,b
e,f,f,e,c,u,t,b
p,x,s,p,c,u,e,b
e,f,f,e,c,w,t,b
p,f,f,g,c,g,e,b
e,f,y,g,c,p,t,b
p,x,f,g,c,h,e,b
e,f,y,n,c,n,t,b
e,f,y,e,c,u,t,b
e,f,y,n,c,u,t,b
p,x,s,p,w,g,e,b
p,x,y,g,c,h,e,b
e,f,f,e,c,p,t,b
e,f,f,g,c,w,t,b
e,f,y,g,c,n,t,b
e,f,y,e,c,p,t,b
e,f,y,e,c,u,t,b
e,x,f,g,c,n,t,b
p,x,f,g,c,g,e,b
e,x,y,n,c,u,t,b
e,f,y,e,c,u,t,b
e,f,f,e,c,n,t,b
p,x,f,w,c,n,e,b
e,f,y,e,c,p,t,b
e,f,y,g,c,p,t,b
p,x,f,g,c,p,e,b
e,f,y,g,c,n,t,b
p,x,s,w,w,n,e,b
e,f,f,e,c,n,t,b
p,x,s,w,c,n,e,b
p,x,f,g,c,g,e,b
p,x,f,g,c,h,e,b
e,f,y,g,c,u,t,b
e,f,y,g,c,p,t,b
e,f,y,e,c,p,t,b
e,f,y,e,c,p,t,b
p,x,f,g,c,h,e,b
e,f,f,e,c,u,t,b
e,f,f,e,c,n,t,b
p,x,y,g,c,g,e,b
e,f,f,e,c,u,t,b
p,x,f,g,w,p,e,b
e,f,y,g,c,u,t,b
e,f,y,e,c,w,t,b
e,f,y,e,c,n,t,b
e,f,y,g,c,w,t,b
e,x,f,e,c,n,t,b
e,f,y,g,c,u,t,b
p,x,s,p,c,p,e,b
e,f,y,n,c,u,t,b
p,x,f,g,c,p,e,b
e,f,y,e,c,n,t,b
e,f,y,g,c,w,t,b
e,f,f,e,c,n,t,b
p,x,s,w,w,u,e,b
p,x,f,w,w,n,e,b
e,x,y,n,c,n,t,b
e,f,f,e,c,w,t,b
e,f,y,e,c,w,t,b
e,x,y,g,c,u,t,b
p,x,f,g,c,p,e,b
p,x,f,w,w,n,e,b
e,f,y,n,c,w,t,b
e,f,f,e,c,w,t,b
p,x,f,w,w,u,e,b
p,x,s,g,w,p,e,b
e,x,y,e,c,p,t,b
p,x,f,g,c,h,e,b
p,x,f,g,c,p,e,b
p,x,f,g,c,h,e,b
p,x,s,g,c,n,e,b
e,x,f,g,c,w,t,b
p,x,f,p,c,u,e,b
e,f,f,e,c,n,t,b
p,x,s,p,c,n,e,b
p,x,f,g,w,p,e,b
e,f,y,e,c,p,t,b
p,x,f,g,c,n,e,b
p,x,s,g,w,n,e,b
e,f,y,g,c,u,t,b
e,f,y,n,c,u,t,b
p,x,f,g,w,g,e,b
e,f,f,e,c,p,t,b
p,x,s,w,c,n,e,b
e,f,y,n,c,w,t,b
p,x,f,g,c,h,e,b
p,f,y,g,c,g,e,b
e,f,y,g,c,n,t,b
p,x,f,g,c,g,e,b
e,f,y,g,c,p,t,b
p,x,f,g,c,g,e,b
p,f,f,g,c,p,e,b
e,f,f,e,c,n,t,b
e,f,f,g,c,w,t,b
p,x,f,w,c,p,e,b
e,f,f,g,c,n,t,b
p,x,f,g,c,p,e,b
p,x,y,y,c,h,e,b
p,f,y,g,c,p,e,b
p,x,f,y,c,p,e,b
p,x,f,w,w,g,e,b
p,x,y,y,c,h,e,b
p,x,y,y,c,g,e,b
p,x,f,y,c,h,e,b
p,f,f,y,c,h,e,b
p,f,f,y,c,g,e,b
e,f,y,g,c,n,t,b
p,x,y,g,c,g,e,b
p,f,f,y,c,p,e,b
p,f,f,y,c,g,e,b
e,x,f,g,c,w,t,b
e,f,y,n,c,n,t,b
e,f,y,e,c,n,t,b
p,x,y,y,c,h,e,b
p,f,y,g,c,g,e,b
p,f,y,g,c,h,e,b
e,f,y,e,c,w,t,b
p,f,y,g,c,p,e,b
e,f,f,e,c,n,t,b
e,f,f,g,c,p,t,b
e,f,f,g,c,w,t,b
p,x,f,g,c,p,e,b
p,x,y,y,c,p,e,b
p,f,f,y,c,h,e,b
e,f,y,e,c,p,t,b
p,x,f,y,c,h,e,b
p,f,y,g,c,h,e,b
p,f,f,y,c,g,e,b
p,f,y,y,c,g,e,b
p,x,y,g,c,p,e,b
p,f,f,y,c,h,e,b
p,x,s,p,c,g,e,b
p,x,y,y,c,p,e,b
e,f,f,e,c,u,t,b
e,f,y,e,c,n,t,b
p,x,f,p,c,n,e,b
p,x,f,y,c,h,e,b
p,f,y,g,c,p,e,b
e,x,y,g,c,p,t,b
e,f,f,e,c,p,t,b
p,f,y,g,c,p,e,b
e,f,y,g,c,u,t,b
p,x,f,y,c,g,e,b
p,f,y,g,c,g,e,b
e,f,f,e,c,p,t,b
p,x,y,y,c,h,e,b
p,f,f,y,c,g,e,b
p,x,y,y,c,p,e,b
p,f,f,g,c,g,e,b
p,x,s,p,w,n,e,b
p,x,f,g,c,g,e,b
p,x,y,g,c,g,e,b
p,x,y,y,c,h,e,b
p,f,f,g,c,h,e,b
e,f,y,g,c,u,t,b
p,x,s,g,c,w,t,b
p,x,y,y,c,g,e,b
e,f,f,g,c,w,t,b
p,f,f,y,c,g,e,b
p,x,y,g,c,h,e,b
p,f,f,y,c,g,e,b
p,x,y,g,c,h,e,b
p,f,y,g,c,h,e,b
p,f,y,y,c,h,e,b
p,x,f,y,c,p,e,b
p,x,s,w,c,g,e,b
p,x,y,g,c,g,e,b
p,x,f,g,c,p,e,b
e,f,y,n,c,u,t,b
e,f,f,g,c,w,t,b
p,x,f,y,c,g,e,b
p,x,s,p,c,u,e,b
p,f,f,g,c,p,e,b
p,x,f,g,c,h,e,b
p,x,s,w,c,u,e,b
e,f,f,e,c,w,t,b
p,f,y,g,c,p,e,b
p,x,f,p,w,p,e,b
p,f,s,w,c,p,t,b
p,x,y,y,c,p,e,b
p,f,f,g,c,g,e,b
p,x,f,g,c,p,e,b
p,x,f,y,c,h,e,b
p,f,f,y,c,h,e,b
e,f,f,g,c,u,t,b
p,x,f,y,c,h,e,b
p,x,y,g,c,h,e,b
p,f,f,g,c,p,e,b
p,x,f,g,w,u,e,b
p,x,f,g,c,u,e,b
p,x,y,g,c,p,e,b
p,x,s,g,c,h,t,b
p,x,y,g,c,h,e,b
e,f,y,g,c,n,t,b
p,f,f,y,c,p,e,b
e,f,f,e,c,p,t,b
p,f,y,g,c,p,e,b
e,f,y,n,c,n,t,b
e,f,f,e,c,w,t,b
p,x,y,g,c,g,e,b
p,x,y,g,c,h,e,b
e,f,f,e,c,w,t,b
p,f,f,g,c,p,e,b
e,f,f,g,c,w,t,b
e,f,y,e,c,w,t,b
e,f,y,e,c,w,t,b
p,f,f,g,c,g,e,b
e,x,f,e,c,u,t,b
p,f,y,g,c,p,e,b
p,x,y,y,c,p,e,b
p,f,y,y,c,p,e,b
p,x,f,y,c,g,e,b
p,x,y,y,c,p,e,b
e,x,f,g,c,u,t,b
e,x,y,g,c,u,t,b
p,f,y,g,c,g,e,b
p,f,f,y,c,h,e,b
p,x,y,g,c,p,e,b
p,x,y,g,c,h,e,b
p,x,y,g,c,g,e,b
p,x,s,g,w,u,e,b
p,f,f,g,c,p,e,b
p,f,s,b,c,p,t,b
p,x,y,g,c,p,e,b
p,x,y,y,c,p,e,b
p,x,s,w,w,u,e,b
p,x,y,y,c,h,e,b
e,f,f,e,c,w,t,b
p,x,y,g,c,h,e,b
p,x,f,y,c,p,e,b
p,x,f,y,c,p,e,b
p,f,f,g,c,p,e,b
p,x,f,y,c,h,e,b
e,f,f,g,c,u,t,b
p,x,f,g,c,p,e,b
e,f,y,n,c,u,t,b
p,f,y,g,c,h,e,b
p,f,f,g,c,p,e,b
p,f,f,g,c,g,e,b
p,x,s,w,w,u,e,b
p,x,y,g,c,h,e,b
e,f,y,n,c,p,t,b
p,x,f,w,c,u,e,b
p,x,f,y,c,p,e,b
p,x,f,y,c,p,e,b
p,x,f,p,w,u,e,b
p,f,f,y,c,p,e,b
p,f,f,g,c,h,e,b
e,f,y,e,c,p,t,b
p,x,y,y,c,g,e,b
p,f,f,y,c,g,e,b
p,x,f,g,c,g,e,b
p,x,s,p,w,u,e,b
e,x,f,e,c,n,t,b
p,x,y,y,c,h,e,b
e,f,f,n,c,n,t,b
e,f,y,e,c,p,t,b
p,f,y,y,c,p,e,b
p,x,f,y,c,p,e,b
p,x,y,g,c,g,e,b
p,f,f,g,c,g,e,b
p,f,f,y,c,g,e,b
e,f,y,g,c,w,t,b
p,x,y,g,c,p,e,b
p,x,y,y,c,h,e,b
p,f,f,g,c,p,e,b
p,f,f,y,c,p,e,b
e,f,f,e,c,u,t,b
e,f,y,n,c,p,t,b
p,x,f,y,c,h,e,b
e,f,y,n,c,u,t,b
p,f,y,y,c,p,e,b
p,f,f,y,c,g,e,b
p,x,y,g,c,g,e,b
p,x,y,g,c,p,e,b
p,f,f,y,c,g,e,b
p,x,y,y,c,g,e,b
p,x,f,y,c,h,e,b
p,x,y,g,c,p,e,b
p,x,f,y,c,h,e,b
e,x,f,g,c,u,t,b
p,f,y,g,c,h,e,b
e,f,y,e,c,p,t,b
p,x,f,g,c,p,e,b
p,f,f,y,c,h,e,b
e,f,y,n,c,n,t,b
e,f,f,g,c,w,t,b
p,f,y,g,c,p,e,b
e,x,f,e,c,w,t,b
e,f,f,e,c,p,t,b
p,f,y,y,c,h,e,b
p,x,f,w,c,u,e,b
p,x,y,g,c,p,e,b
p,x,f,y,c,p,e,b
p,f,y,g,c,p,e,b
e,f,y,g,c,u,t,b
e,f,y,e,c,n,t,b
p,b,s,b,c,g,e,b
e,f,f,g,c,w,t,b
p,f,f,g,c,p,e,b
e,f,y,g,c,w,t,b
p,f,f,y,c,p,e,b
p,f,f,y,c,g,e,b
p,f,f,g,c,g,e,b
e,f,f,e,c,u,t,b
p,x,f,g,c,p,e,b
p,f,f,y,c,g,e,b
p,x,f,y,c,g,e,b
p,x,f,y,c,g,e,b
p,f,f,y,c,p,e,b
p,f,f,y,c,h,e,b
p,x,y,g,c,p,e,b
e,f,y,e,c,u,t,b
p,f,f,g,c,g,e,b
p,f,f,y,c,h,e,b
e,f,f,n,c,u,t,b
p,x,y,y,c,g,e,b
p,x,y,y,c,h,e,b
e,f,y,n,c,p,t,b
p,f,y,g,c,p,e,b
e,f,f,e,c,p,t,b
p,x,y,y,c,g,e,b
p,f,y,g,c,h,e,b
p,x,y,y,c,p,e,b
p,x,s,g,c,g,e,b
e,f,f,g,c,w,t,b
p,f,y,g,c,g,e,b
p,x,f,g,c,h,e,b
p,f,y,g,c,h,e,b
e,f,y,n,c,w,t,b
p,x,y,y,c,p,e,b
p,f,f,g,c,g,e,b
e,f,y,e,c,w,t,b
e,f,y,e,c,w,t,b
p,f,s,g,c,p,t,b
p,x,f,g,c,g,e,b
p,f,y,g,c,g,e,b
p,x,y,g,c,g,e,b
p,x,f,y,c,h,e,b
p,f,y,g,c,p,e,b
p,f,y,g,c,p,e,b
e,f,y,e,c,w,t,b
p,x,y,g,c,h,e,b
p,f,y,g,c,p,e,b
p,x,y,g,c,p,e,b
e,f,f,e,c,p,t,b
e,f,y,e,c,p,t,b
e,f,y,e,c,n,t,b
p,f,f,y,c,h,e,b
p,f,f,g,c,h,e,b
e,f,y,n,c,u,t,b
p,x,y,g,c,g,e,b
e,f,f,g,c,u,t,b
p,x,f,y,c,p,e,b
p,x,y,y,c,p,e,b
p,x,y,y,c,p,e,b
e,f,f,c,w,w,e,b
p,x,f,g,c,h,e,b
p,f,f,g,c,p,e,b
p,x,y,g,c,h,e,b
p,f,y,g,c,p,e,b
p,x,s,b,c,w,t,b
p,f,f,g,c,h,e,b
p,x,y,g,c,p,e,b
p,f,f,y,c,g,e,b
p,f,f,g,c,h,e,b
p,f,f,g,c,g,e,b
e,f,f,g,c,w,t,b
p,x,f,y,c,p,e,b
p,x,f,y,c,h,e,b
e,f,y,e,c,u,t,b
p,f,y,g,c,h,e,b
p,f,f,g,c,h,e,b
p,x,y,y,c,g,e,b
e,f,f,g,c,w,t,b
p,x,f,g,c,g,e,b
p,x,f,g,c,g,e,b
e,f,y,n,c,p,t,b
e,f,f,g,c,u,t,b
p,x,y,g,c,h,e,b
p,f,y,y,c,h,e,b
p,f,f,y,c,h,e,b
p,f,f,g,c,g,e,b
p,f,f,g,c,h,e,b
p,f,y,g,c,p,e,b
p,f,s,b,c,w,t,b
e,f,f,e,c,u,t,b
e,x,y,g,c,n,t,b
p,x,f,g,w,n,e,b
p,x,f,p,w,n,e,b
p,f,f,g,c,g,e,b
p,x,f,y,c,g,e,b
p,x,s,g,c,w,t,b
p,f,y,g,c,h,e,b
p,x,f,y,c,p,e,b
p,f,y,g,c,g,e,b
p,f,f,g,c,h,e,b
p,f,y,g,c,h,e,b
p,x,y,g,c,g,e,b
p,f,f,g,c,h,e,b
p,x,f,y,c,p,e,b
p,f,f,y,c,p,e,b
p,x,f,y,c,h,e,b
p,x,f,y,c,g,e,b
p,x,y,y,c,p,e,b
p,f,s,g,c,h,t,b
p,x,f,y,c,h,e,b
p,f,f,y,c,p,e,b
p,f,y,g,c,p,e,b
p,f,f,y,c,p,e,b
p,f,f,y,c,g,e,b
p,x,y,g,c,h,e,b
p,x,y,g,c,p,e,b
e,f,y,e,c,p,t,b
p,f,f,y,c,h,e,b
p,f,f,g,c,h,e,b
p,f,y,g,c,h,e,b
p,x,f,y,c,g,e,b
p,x,f,y,c,g,e,b
p,x,f,g,c,h,e,b
p,x,y,y,c,p,e,b
p,f,s,w,c,p,t,b
p,f,f,y,c,h,e,b
p,f,f,y,c,p,e,b
p,f,y,g,c,h,e,b
p,f,f,y,c,p,e,b
p,f,f,y,c,h,e,b
p,f,f,g,c,g,e,b
p,x,y,g,c,p,e,b
p,x,f,y,c,h,e,b
p,f,f,g,c,g,e,b
p,x,f,y,c,p,e,b
p,f,y,g,c,p,e,b
p,x,y,y,c,g,e,b
p,x,s,w,c,h,t,b
p,f,f,g,c,p,e,b
p,x,s,b,c,p,t,b
p,f,y,g,c,h,e,b
p,x,y,g,c,p,e,b
p,x,f,y,c,g,e,b
p,x,f,y,c,p,e,b
p,x,y,y,c,g,e,b
e,f,y,g,c,u,t,b
p,f,y,y,c,h,e,b
p,x,y,g,c,h,e,b
p,f,f,y,c,h,e,b
p,f,y,y,c,h,e,b
p,f,f,y,c,g,e,b
p,x,y,g,c,h,e,b
p,f,f,g,c,g,e,b
p,x,y,g,c,g,e,b
p,x,f,p,c,p,e,b
p,x,y,y,c,g,e,b
p,x,f,y,c,g,e,b
p,f,f,y,c,h,e,b
p,x,y,g,c,g,e,b
p,f,f,g,c,g,e,b
p,x,y,g,c,h,e,b
p,x,f,y,c,h,e,b
p,x,f,y,c,g,e,b
p,x,y,g,c,h,e,b
p,x,y,y,c,g,e,b
p,f,y,g,c,g,e,b
p,f,y,g,c,p,e,b
p,x,f,y,c,h,e,b
e,k,y,n,w,w,e,b
p,f,f,g,c,p,e,b
p,x,y,y,c,h,e,b
p,f,f,y,c,p,e,b
p,x,y,g,c,h,e,b
p,x,f,g,c,h,e,b
p,f,f,y,c,p,e,b
p,f,f,y,c,p,e,b
p,x,f,y,c,g,e,b
p,x,y,g,c,p,e,b
p,f,y,g,c,g,e,b
p,x,f,y,c,g,e,b
p,f,y,g,c,h,e,b
p,f,y,g,c,h,e,b
p,x,f,y,c,p,e,b
p,f,f,y,c,p,e,b
p,f,f,g,c,h,e,b
p,f,f,g,c,p,e,b
p,x,f,y,c,h,e,b
p,f,f,g,c,p,e,b
p,x,y,g,c,g,e,b
p,f,y,y,c,g,e,b
p,f,f,g,c,h,e,b
p,x,f,y,c,g,e,b
p,f,f,g,c,g,e,b
p,f,f,g,c,g,e,b
p,f,f,y,c,h,e,b
e,f,y,g,c,w,t,b
p,f,y,g,c,h,e,b
p,f,y,g,c,g,e,b
p,f,y,g,c,g,e,b
p,x,y,y,c,p,e,b
p,x,y,g,c,p,e,b
p,x,y,y,c,g,e,b
p,f,f,y,c,p,e,b
p,x,f,y,c,g,e,b
p,x,y,y,c,p,e,b
p,f,f,g,c,p,e,b
p,x,f,y,c,h,e,b
p,f,f,g,c,h,e,b
p,f,y,g,c,g,e,b
p,f,f,g,c,h,e,b
p,f,y,y,c,h,e,b
p,f,f,g,c,p,e,b
p,x,f,y,c,g,e,b
p,f,y,g,c,p,e,b
p,f,y,g,c,h,e,b
p,f,y,g,c,p,e,b
p,f,y,y,c,p,e,b
p,x,f,y,c,g,e,b
p,f,y,y,c,h,e,b
p,f,f,y,c,p,e,b
p,x,y,g,c,h,e,b
p,x,y,g,c,h,e,b
p,f,y,g,c,g,e,b
p,x,f,y,c,p,e,b
p,x,f,g,c,g,e,b
p,x,y,g,c,g,e,b
p,x,y,g,c,p,e,b
p,x,y,g,c,g,e,b
e,f,y,e,c,w,t,b
p,f,f,y,c,h,e,b
p,x,y,y,c,h,e,b
p,f,f,y,c,g,e,b
p,x,f,y,c,p,e,b
p,f,f,g,c,h,e,b
p,f,f,g,c,h,e,b
p,x,y,y,c,g,e,b
p,f,s,b,c,w,t,b
p,x,y,g,c,p,e,b
p,x,y,y,c,g,e,b
p,f,f,g,c,g,e,b
p,f,y,g,c,g,e,b
p,f,f,y,c,p,e,b
p,f,y,g,c,h,e,b
p,x,y,g,c,p,e,b
p,f,f,g,c,g,e,b
p,f,f,y,c,p,e,b
p,f,y,g,c,g,e,b
p,x,y,y,c,g,e,b
p,f,y,g,c,g,e,b
p,x,f,y,c,h,e,b
p,b,y,w,w,w,e,b
p,f,s,b,c,h,t,b
p,x,y,y,c,p,e,b
p,f,y,g,c,g,e,b
p,f,y,g,c,g,e,b
p,f,y,y,c,p,e,b
p,f,f,g,c,g,e,b
p,x,y,y,c,h,e,b
p,x,f,y,c,p,e,b
p,f,f,g,c,p,e,b
p,x,s,w,c,w,t,b
e,f,y,g,c,n,t,b
p,f,y,g,c,p,e,b
p,f,f,g,c,g,e,b
e,f,y,e,c,n,t,b
p,x,y,y,c,h,e,b
p,x,y,y,c,g,e,b
p,x,y,y,c,h,e,b
p,x,y,y,c,p,e,b
p,f,f,y,c,g,e,b
p,f,y,g,c,p,e,b
p,x,f,g,c,p,e,b
p,f,y,y,c,p,e,b
p,x,y,g,c,h,e,b
p,x,y,y,c,g,e,b
p,f,y,g,c,h,e,b
p,f,y,y,c,h,e,b
p,x,y,g,c,g,e,b
p,f,y,g,c,h,e,b
p,f,y,g,c,p,e,b
p,x,f,g,c,g,e,b
p,f,f,y,c,g,e,b
p,f,f,y,c,h,e,b
p,x,f,y,c,h,e,b
p,f,f,y,c,h,e,b
p,f,f,g,c,h,e,b
p,f,y,g,c,p,e,b
p,f,f,g,c,h,e,b
p,f,f,y,c,h,e,b
p,f,y,y,c,h,e,b
p,f,f,g,c,g,e,b
p,f,y,g,c,g,e,b
p,f,f,y,c,g,e,b
e,f,f,e,c,u,t,b
p,f,s,b,c,h,t,b
p,f,y,g,c,g,e,b
p,f,f,g,c,h,e,b
p,x,y,y,c,p,e,b
p,f,f,y,c,p,e,b
p,f,y,y,c,h,e,b
e,f,y,n,c,u,t,b
p,f,y,y,c,h,e,b
p,x,y,y,c,p,e,b
p,x,f,y,c,p,e,b
p,x,y,y,c,h,e,b
p,f,y,g,c,g,e,b
e,f,f,e,c,n,t,b
p,f,f,y,c,p,e,b
p,f,f,y,c,p,e,b
p,x,y,y,c,h,e,b
p,x,f,y,c,p,e,b
p,f,f,y,c,p,e,b
p,x,y,y,c,h,e,b
p,f,f,y,c,g,e,b
p,f,f,y,c,g,e,b
p,f,y,g,c,p,e,b
p,f,y,g,c,h,e,b
p,f,y,g,c,h,e,b
p,f,f,g,c,g,e,b
p,x,s,g,c,p,e,b
p,x,y,y,c,g,e,b
p,f,s,g,c,h,t,b
p,x,y,g,c,p,e,b
p,x,y,y,c,p,e,b
p,x,y,y,c,h,e,b
e,f,y,g,c,u,t,b
p,f,f,g,c,g,e,b
p,f,y,y,c,h,e,b
p,f,y,g,c,h,e,b
p,x,y,y,c,h,e,b
p,x,y,g,c,p,e,b
p,x,f,y,c,p,e,b
e,f,y,n,c,n,t,b
p,x,y,g,c,g,e,b
p,f,f,y,c,g,e,b
p,x,y,g,c,p,e,b
p,x,y,y,c,p,e,b
p,f,f,g,c,g,e,b
p,f,f,g,c,h,e,b
p,x,y,y,c,h,e,b
p,x,y,y,c,p,e,b
p,f,y,g,c,p,e,b
p,x,y,g,c,g,e,b
p,f,y,y,c,h,e,b
p,f,y,g,c,g,e,b
p,f,f,g,c,h,e,b
p,f,y,y,c,h,e,b
p,x,f,y,c,g,e,b
p,x,s,w,c,p,t,b
p,x,y,y,c,g,e,b
p,f,f,y,c,g,e,b
p,x,f,y,c,p,e,b
p,x,y,y,c,g,e,b
p,f,y,y,c,h,e,b
p,x,y,y,c,h,e,b
p,x,y,y,c,p,e,b
p,f,y,g,c,p,e,b
p,f,f,y,c,h,e,b
p,f,f,g,c,h,e,b
e,f,y,n,c,p,t,b
p,x,y,y,c,h,e,b
p,x,y,g,c,g,e,b
p,f,y,g,c,h,e,b
p,f,y,g,c,g,e,b
p,x,y,y,c,g,e,b
p,f,f,g,c,g,e,b
p,x,y,g,c,p,e,b
p,x,y,y,c,p,e,b
p,x,f,y,c,h,e,b
p,f,f,y,c,g,e,b
e,f,f,c,w,w,e,b
p,f,y,g,c,h,e,b
p,x,y,g,c,p,e,b
p,f,f,y,c,h,e,b
p,x,s,g,c,p,t,b
p,x,s,g,w,u,e,b
p,x,f,y,c,g,e,b
p,f,y,g,c,h,e,b
p,f,y,g,c,g,e,b
p,x,y,y,c,p,e,b
p,x,y,y,c,p,e,b
p,x,y,g,c,p,e,b
p,f,y,g,c,g,e,b
p,f,y,g,c,h,e,b
p,f,f,y,c,g,e,b
p,x,f,y,c,p,e,b
p,f,f,y,c,p,e,b
p,f,f,g,c,p,e,b
p,f,f,y,c,h,e,b
p,f,y,y,c,h,e,b
p,f,f,y,c,h,e,b
p,f,f,y,c,h,e,b
p,x,y,g,c,h,e,b
p,x,y,g,c,p,e,b
p,x,y,g,c,g,e,b
p,f,f,g,c,g,e,b
p,x,f,y,c,g,e,b
p,x,y,g,c,g,e,b
p,f,y,g,c,h,e,b
p,f,y,g,c,p,e,b
p,f,f,y,c,g,e,b
p,x,y,y,c,g,e,b
p,x,f,y,c,h,e,b
p,f,f,g,c,h,e,b
p,x,y,g,c,g,e,b
p,f,f,y,c,h,e,b
p,x,f,y,c,p,e,b
p,f,y,y,c,h,e,b
p,x,y,y,c,g,e,b
p,x,y,g,c,g,e,b
p,f,f,g,c,p,e,b
p,f,y,g,c,h,e,b
p,f,f,g,c,h,e,b
p,f,y,g,c,p,e,b
p,x,f,y,c,g,e,b
p,f,f,y,c,h,e,b
p,f,f,g,c,p,e,b
p,f,y,y,c,h,e,b
p,f,y,y,c,h,e,b
p,f,f,g,c,h,e,b
p,f,s,b,c,w,t,b
p,f,s,w,c,g,e,b
p,x,y,y,c,p,e,b
p,f,f,y,c,p,e,b
p,f,y,g,c,g,e,b
p,x,y,y,c,h,e,b
p,x,f,y,c,g,e,b
p,x,f,y,c,g,e,b
e,f,f,g,c,u,t,b
p,x,y,g,c,h,e,b
p,f,f,y,c,p,e,b
p,x,y,y,c,p,e,b
p,f,y,g,c,p,e,b
p,x,y,y,c,h,e,b
p,x,f,y,c,p,e,b
p,x,y,y,c,g,e,b
p,f,f,y,c,h,e,b
p,x,y,g,c,g,e,b
p,f,y,g,c,p,e,b
p,f,y,g,c,g,e,b
p,x,f,y,c,g,e,b
e,f,f,e,c,w,t,b
p,x,y,y,c,h,e,b
p,f,f,g,c,g,e,b
p,x,y,g,c,g,e,b
p,f,y,g,c,g,e,b
p,f,f,g,c,p,e,b
p,f,f,g,c,p,e,b
p,f,f,g,c,p,e,b
p,f,y,g,c,h,e,b
p,f,f,y,c,h,e,b
p,x,f,y,c,h,e,b
p,x,y,g,c,p,e,b
p,x,y,g,c,p,e,b
p,x,f,w,c,g,e,b
p,f,f,g,c,p,e,b
p,x,f,y,c,h,e,b
p,f,y,g,c,p,e,b
p,x,f,y,c,p,e,b
p,f,y,g,c,h,e,b
p,f,y,g,c,g,e,b
p,f,f,y,c,g,e,b
p,x,y,g,c,g,e,b
p,f,y,y,c,p,e,b
p,f,f,y,c,h,e,b
p,x,f,y,c,h,e,b
p,f,f,y,c,g,e,b
p,x,y,y,c,p,e,b
p,f,f,y,c,g,e,b
p,x,f,y,c,p,e,b
p,f,y,g,c,h,e,b
p,f,f,g,c,p,e,b
p,f,f,y,c,g,e,b
p,f,f,g,c,p,e,b
p,f,f,g,c,h,e,b
p,f,f,y,c,g,e,b
p,x,y,y,c,g,e,b
p,x,y,y,c,p,e,b
p,f,f,y,c,h,e,b
p,x,y,y,c,h,e,b
p,x,y,y,c,g,e,b
p,x,f,y,c,h,e,b
p,x,y,y,c,h,e,b
p,f,y,g,c,p,e,b
p,x,y,y,c,p,e,b
p,f,y,g,c,p,e,b
p,f,y,g,c,p,e,b
p,f,f,g,c,p,e,b
p,x,f,y,c,p,e,b
p,f,f,y,c,p,e,b
p,f,f,y,c,g,e,b
p,f,y,g,c,h,e,b
p,f,y,g,c,h,e,b
p,f,f,g,c,g,e,b
p,f,y,g,c,g,e,b
p,f,f,g,c,h,e,b
p,f,y,g,c,g,e,b
p,x,f,g,c,u,e,b
p,f,s,b,c,w,t,b
e,f,f,e,c,w,t,b
p,x,y,y,c,g,e,b
p,x,y,g,c,p,e,b
p,f,y,g,c,g,e,b
e,f,f,g,c,u,t,b
p,x,y,y,c,p,e,b
p,x,y,y,c,p,e,b
p,f,f,y,c,p,e,b
p,x,f,y,c,h,e,b
p,x,f,y,c,h,e,b
p,x,y,g,c,h,e,b
p,f,s,w,c,w,t,b
p,x,y,g,c,p,e,b
p,x,f,y,c,g,e,b
p,f,y,g,c,g,e,b
p,x,y,g,c,p,e,b
p,x,f,y,c,p,e,b
p,f,f,y,c,h,e,b
p,f,y,g,c,p,e,b
p,x,y,y,c,h,e,b
p,f,f,g,c,g,e,b
e,f,y,n,c,n,t,b
p,x,f,y,c,h,e,b
p,f,f,g,c,h,e,b
p,x,y,g,c,h,e,b
p,f,f,y,c,p,e,b
p,x,f,y,c,h,e,b
p,x,y,y,c,g,e,b
p,x,f,y,c,g,e,b
p,f,y,g,c,g,e,b
p,x,s,w,c,h,t,b
p,x,y,y,c,p,e,b
p,x,y,g,c,p,e,b
p,x,f,y,c,p,e,b
p,f,f,g,c,h,e,b
p,x,y,g,c,g,e,b
p,f,f,g,c,h,e,b
p,f,f,y,c,p,e,b
p,x,y,g,c,h,e,b
p,f,y,g,c,g,e,b
p,f,f,g,c,h,e,b
p,x,y,y,c,g,e,b
p,x,y,g,c,g,e,b
p,f,f,y,c,g,e,b
p,x,f,y,c,p,e,b
p,f,y,g,c,g,e,b
p,f,y,y,c,g,e,b
p,x,y,g,c,p,e,b
p,x,y,g,c,g,e,b
p,f,f,y,c,g,e,b
p,f,f,g,c,p,e,b
p,x,y,g,c,h,e,b
p,f,f,y,c,p,e,b
p,f,y,g,c,h,e,b
p,x,y,g,c,p,e,b
p,f,f,g,c,h,e,b
p,x,y,g,c,h,e,b
p,f,f,g,c,p,e,b
p,x,y,y,c,g,e,b
p,x,f,y,c,p,e,b
p,x,y,g,c,h,e,b
p,f,f,y,c,h,e,b
e,f,y,n,c,n,t,b
p,f,f,g,c,h,e,b
p,x,y,y,c,h,e,b
p,x,s,g,c,h,t,b
p,f,y,y,c,h,e,b
p,x,y,y,c,p,e,b
p,x,f,w,c,g,e,b
p,x,f,y,c,g,e,b
p,f,s,b,c,h,t,b
p,x,y,y,c,h,e,b
p,x,y,g,c,h,e,b
p,f,f,y,c,g,e,b
p,f,s,p,c,w,e,b
p,f,s,b,c,p,t,b
p,x,y,g,c,g,e,b
p,x,y,g,c,h,e,b
p,x,y,g,c,p,e,b
p,f,f,g,c,g,e,b
p,f,f,g,c,g,e,b
p,x,f,y,c,h,e,b
p,f,f,y,c,h,e,b
p,x,f,y,c,g,e,b
e,f,f,e,c,w,t,b
p,f,f,y,c,g,e,b
p,x,f,y,c,g,e,b
p,x,y,g,c,g,e,b
p,x,f,y,c,p,e,b
p,f,f,g,c,p,e,b
p,x,y,g,c,g,e,b
p,x,y,g,c,h,e,b
p,x,f,y,c,h,e,b
p,f,f,y,c,h,e,b
p,f,y,g,c,g,e,b
p,f,y,g,c,h,e,b
e,f,y,n,c,n,t,b
p,x,y,y,c,g,e,b
e,f,f,e,c,w,t,b
p,x,f,y,c,h,e,b
p,x,y,g,c,h,e,b
p,f,y,g,c,h,e,b
p,x,f,y,c,p,e,b
p,f,f,g,c,h,e,b
p,f,f,g,c,p,e,b
p,f,y,g,c,p,e,b
p,f,y,g,c,g,e,b
p,x,f,y,c,g,e,b
p,x,y,y,c,h,e,b
p,f,f,y,c,g,e,b
p,x,y,g,c,g,e,b
p,f,f,y,c,g,e,b
p,f,y,g,c,g,e,b
p,x,f,p,w,p,e,b
p,f,f,y,c,g,e,b
p,x,y,g,c,h,e,b
p,x,y,y,c,p,e,b
p,x,y,g,c,h,e,b
p,f,y,y,c,h,e,b
p,x,y,g,c,g,e,b
p,x,f,y,c,g,e,b
p,f,y,g,c,g,e,b
p,f,y,g,c,p,e,b
p,x,y,y,c,p,e,b
p,f,f,y,c,h,e,b
p,x,y,g,c,g,e,b
p,x,y,y,c,p,e,b
p,x,y,g,c,g,e,b
p,x,y,g,c,g,e,b
p,x,f,y,c,g,e,b
p,x,y,g,c,p,e,b
p,f,f,g,c,g,e,b
p,f,f,g,c,p,e,b
p,x,y,g,c,h,e,b
p,x,f,y,c,h,e,b
p,x,y,g,c,g,e,b
p,f,f,g,c,p,e,b
p,x,y,y,c,h,e,b
p,x,f,y,c,h,e,b
p,f,y,g,c,p,e,b
p,f,f,g,c,p,e,b
p,f,f,y,c,p,e,b
p,x,s,p,w,g,e,b
p,x,f,y,c,h,e,b
p,f,f,g,c,g,e,b
p,x,f,y,c,p,e,b
e,f,f,e,c,p,t,b
p,x,y,y,c,g,e,b
p,x,f,y,c,p,e,b
p,f,y,g,c,h,e,b
p,f,f,y,c,p,e,b
e,f,y,n,c,n,t,b
p,x,y,y,c,h,e,b
p,f,f,g,c,h,e,b
p,x,y,y,c,h,e,b
p,f,f,y,c,h,e,b
p,f,y,y,c,h,e,b
p,f,y,g,c,h,e,b
p,f,f,g,c,h,e,b
p,x,y,y,c,p,e,b
p,f,y,g,c,g,e,b
p,x,y,y,c,g,e,b
e,f,f,g,c,u,t,b
p,x,s,g,c,h,t,b
p,f,s,g,c,p,t,b
p,f,y,g,c,g,e,b
p,f,y,y,c,g,e,b
p,f,y,g,c,p,e,b
p,f,y,g,c,p,e,b
p,x,f,y,c,h,e,b
p,f,f,g,c,g,e,b
p,x,y,y,c,p,e,b
p,f,f,y,c,p,e,b
p,f,y,g,c,p,e,b
p,f,f,g,c,g,e,b
p,f,f,y,c,h,e,b
p,f,f,g,c,h,e,b
p,f,f,g,c,g,e,b
p,f,s,w,c,w,t,b
p,f,f,y,c,g,e,b
p,x,y,g,c,h,e,b
p,x,f,y,c,h,e,b
p,f,y,y,c,g,e,b
p,f,y,y,c,p,e,b
p,x,s,g,c,p,t,b
p,f,y,y,c,h,e,b
p,f,f,y,c,p,e,b
p,f,f,y,c,p,e,b
p,f,f,y,c,g,e,b
e,k,y,n,w,w,e,b
p,x,s,w,c,p,e,b
p,x,f,y,c,g,e,b
p,x,f,y,c,g,e,b
p,x,f,y,c,g,e,b
p,f,y,y,c,p,e,b
p,b,s,b,c,g,e,b
p,x,s,w,c,h,t,b
e,f,y,e,c,n,t,b
p,b,s,w,c,g,e,b
p,x,s,w,c,p,t,b
p,x,y,y,c,h,e,b
p,f,s,b,c,h,t,b
p,f,y,g,c,h,e,b
p,x,y,y,c,h,e,b
p,x,y,g,c,p,e,b
p,x,f,y,c,g,e,b
p,x,y,y,c,h,e,b
p,x,y,y,c,h,e,b
p,x,f,y,c,g,e,b
p,x,y,g,c,g,e,b
p,f,f,g,c,p,e,b
p,x,y,y,c,g,e,b
e,f,f,g,c,u,t,b
p,f,f,y,c,p,e,b
p,f,y,g,c,h,e,b
p,x,s,g,c,p,t,b
p,f,f,g,c,p,e,b
p,x,f,y,c,h,e,b
p,f,f,y,c,p,e,b
p,f,f,g,c,h,e,b
e,f,y,e,c,p,t,b
p,f,y,g,c,g,e,b
p,x,y,y,c,h,e,b
p,f,f,g,c,p,e,b
e,f,f,e,c,n,t,b
p,x,y,y,c,h,e,b
p,f,f,y,c,p,e,b
p,f,f,g,c,p,e,b
p,f,y,y,c,g,e,b
p,x,y,g,c,h,e,b
p,b,y,w,c,w,e,b
p,f,f,y,c,p,e,b
p,f,f,g,c,g,e,b
p,x,y,y,c,g,e,b
p,f,y,y,c,g,e,b
p,x,s,w,c,h,t,b
p,f,y,g,c,h,e,b
p,x,y,g,c,h,e,b
p,x,f,y,c,p,e,b
p,f,s,b,c,w,t,b
p,x,f,g,c,g,e,b
p,x,f,y,c,g,e,b
p,f,y,g,c,p,e,b
p,f,y,y,c,h,e,b
p,x,f,y,c,h,e,b
p,f,y,y,c,h,e,b
p,f,y,y,c,p,e,b
p,x,y,g,c,h,e,b
p,x,y,y,c,g,e,b
p,f,f,g,c,h,e,b
p,x,y,g,c,g,e,b
p,x,y,y,c,g,e,b
p,f,f,y,c,h,e,b
p,f,f,y,c,h,e,b
p,x,y,y,c,h,e,b
p,f,s,g,c,p,t,b
p,f,f,y,c,p,e,b
p,x,y,y,c,h,e,b
p,x,f,y,c,p,e,b
p,x,s,g,c,h,t,b
p,f,y,g,c,p,e,b
p,f,f,g,c,h,e,b
p,x,s,w,c,n,e,b
p,f,y,g,c,p,e,b
e,f,y,e,c,u,t,b
p,x,f,y,c,g,e,b
p,x,y,y,c,p,e,b
p,f,f,y,c,h,e,b
p,f,f,y,c,g,e,b
p,x,y,y,c,g,e,b
e,x,f,n,w,w,e,b
p,x,y,g,c,g,e,b
p,x,f,y,c,g,e,b
p,f,s,g,c,h,t,b
p,x,y,y,c,g,e,b
p,f,y,g,c,p,e,b
p,x,y,g,c,p,e,b
p,f,f,y,c,g,e,b
p,x,f,g,c,g,e,b
p,f,y,g,c,h,e,b
p,x,f,y,c,g,e,b
p,f,y,y,c,h,e,b
p,x,y,g,c,g,e,b
p,x,f,y,c,h,e,b
p,x,y,g,c,h,e,b
p,f,s,b,c,w,t,b
p,f,s,w,c,w,t,b
p,f,y,g,c,g,e,b
p,x,f,y,c,g,e,b
p,f,y,g,c,h,e,b
p,f,y,y,c,g,e,b
p,f,f,y,c,p,e,b
p,x,s,b,c,h,t,b
p,f,f,g,c,g,e,b
p,x,y,g,c,h,e,b
p,f,f,y,c,p,e,b
p,f,y,y,c,h,e,b
p,f,s,g,c,p,t,b
p,f,y,p,c,g,e,b
p,f,y,g,c,p,e,b
p,x,y,y,c,h,e,b
p,f,f,g,c,g,e,b
p,f,f,g,c,p,e,b
p,x,f,y,c,p,e,b
p,f,f,g,c,p,e,b
p,f,y,g,c,h,e,b
p,f,y,y,c,h,e,b
p,f,f,y,c,p,e,b
p,f,y,y,c,p,e,b
p,x,y,y,c,p,e,b
p,x,y,y,c,h,e,b
p,f,y,g,c,g,e,b
p,f,f,g,c,g,e,b
p,x,y,y,c,g,e,b
p,x,y,y,c,g,e,b
p,f,f,g,c,g,e,b
p,x,y,y,c,p,e,b
p,x,y,y,c,p,e,b
p,x,y,g,c,h,e,b
p,f,f,y,c,g,e,b
p,x,f,y,c,p,e,b
p,x,y,g,c,h,e,b
p,f,f,g,c,h,e,b
p,f,y,y,c,h,e,b
p,f,f,g,c,g,e,b
p,x,y,g,c,g,e,b
p,f,f,y,c,g,e,b
p,b,s,b,c,w,e,b
p,f,f,y,c,p,e,b
p,f,y,g,c,h,e,b
p,x,f,y,c,g,e,b
p,f,y,y,c,g,e,b
p,f,f,y,c,h,e,b
p,x,y,y,c,h,e,b
p,f,f,g,c,g,e,b
p,x,y,y,c,g,e,b
p,x,y,y,c,p,e,b
p,f,y,g,c,g,e,b
p,f,y,y,c,p,e,b
p,x,y,g,c,p,e,b
p,x,f,y,c,h,e,b
p,f,f,y,c,p,e,b
p,f,s,w,c,h,t,b
p,x,s,g,c,p,e,b
p,f,y,y,c,g,e,b
p,x,f,y,c,g,e,b
p,f,y,g,c,g,e,b
p,x,f,y,c,g,e,b
p,x,f,y,c,h,e,b
p,x,s,g,c,p,t,b
p,f,y,g,c,g,e,b
p,f,f,y,c,h,e,b
p,f,f,y,c,g,e,b
p,x,y,g,c,p,e,b
p,x,y,g,c,g,e,b
p,x,y,g,c,h,e,b
p,x,f,g,c,p,e,b
p,x,y,y,c,g,e,b
p,f,f,g,c,h,e,b
p,f,f,y,c,p,e,b
p,x,y,g,c,h,e,b
p,f,f,y,c,g,e,b
p,x,f,y,c,h,e,b
p,x,y,y,c,g,e,b
p,f,s,b,c,w,t,b
p,f,f,g,c,h,e,b
p,f,y,y,c,h,e,b
p,x,f,y,c,h,e,b
p,f,f,g,c,p,e,b
p,x,y,y,c,g,e,b
p,x,y,g,c,p,e,b
p,x,y,g,c,p,e,b
p,f,f,y,c,g,e,b
p,x,y,g,c,h,e,b
p,f,y,g,c,g,e,b
p,x,s,b,c,w,t,b
p,f,y,y,c,h,e,b
p,x,s,w,c,p,t,b
p,x,f,y,c,p,e,b
p,x,y,g,c,p,e,b
p,x,s,w,c,p,t,b
p,f,s,b,c,p,t,b
p,x,s,w,c,h,t,b
p,f,f,y,c,p,e,b
p,f,y,g,c,g,e,b
p,x,f,y,c,h,e,b
p,f,f,g,c,h,e,b
p,x,y,g,c,p,e,b
p,f,f,g,c,h,e,b
p,x,y,g,c,h,e,b
p,f,f,g,c,h,e,b
p,f,f,y,c,h,e,b
p,f,f,y,c,h,e,b
e,f,f,e,c,n,t,b
p,x,y,y,c,p,e,b
p,f,y,y,c,g,e,b
p,f,f,g,c,g,e,b
p,x,y,y,c,h,e,b
p,x,f,y,c,g,e,b
p,f,f,y,c,h,e,b
e,k,f,c,w,w,e,b
p,f,f,g,c,h,e,b
p,f,y,y,c,h,e,b
p,x,y,g,c,g,e,b
p,x,y,g,c,p,e,b
p,f,f,y,c,h,e,b
p,f,y,y,c,h,e,b
p,x,f,y,c,p,e,b
p,f,f,y,c,p,e,b
p,x,y,y,c,g,e,b
p,b,y,p,c,w,e,b
p,x,y,y,c,g,e,b
p,x,f,y,c,p,e,b
p,f,y,y,c,p,e,b
p,x,s,w,c,p,t,b
p,f,g,w,w,w,e,b
p,x,s,g,c,p,t,b
e,f,y,c,w,w,e,b
p,x,y,g,c,p,e,b
p,f,y,y,c,g,e,b
p,f,y,y,c,p,e,b
p,x,s,b,c,w,t,b
p,x,s,g,c,h,t,b
e,k,y,c,w,w,e,b
p,x,s,w,c,w,t,b
p,x,s,w,c,h,t,b
p,f,s,b,c,w,t,b
p,f,s,b,c,p,t,b
e,k,y,c,w,w,e,b
p,x,y,g,c,g,e,b
p,f,s,w,c,h,t,b
p,f,s,g,c,w,t,b
p,c,g,w,w,w,e,b
p,x,s,g,c,p,t,b
p,b,g,w,w,w,e,b
p,x,s,b,c,p,t,b
p,f,s,w,c,h,t,b
p,f,s,w,c,w,t,b
p,f,s,b,c,w,e,b
p,f,y,y,c,p,e,b
p,x,y,g,c,p,e,b
p,f,s,b,c,r,e,b
p,f,f,g,c,p,e,b
p,x,f,y,c,g,e,b
e,f,f,n,w,w,e,b
p,f,y,y,c,g,e,b
p,f,y,b,c,r,e,b
p,x,s,b,c,w,t,b
p,x,s,b,c,h,t,b
p,f,y,y,c,h,e,b
p,f,s,g,c,w,t,b
p,x,s,b,c,p,t,b
p,f,s,b,c,w,t,b
p,f,s,w,c,p,t,b
p,x,f,y,c,p,e,b
p,x,y,g,c,p,e,b
p,f,s,b,c,h,t,b
p,f,s,b,c,h,t,b
p,f,y,y,c,h,e,b
p,f,y,y,c,h,e,b
p,b,y,w,c,r,e,b
e,x,y,c,w,w,e,b
p,x,s,b,c,h,t,b
p,x,s,g,c,w,t,b
p,f,y,y,c,g,e,b
p,x,s,b,c,w,t,b
p,x,s,w,c,p,t,b
e,f,y,c,w,w,e,b
p,f,f,y,c,h,e,b
p,x,y,y,c,p,e,b
p,f,y,p,c,w,e,b
p,f,s,g,c,h,t,b
p,x,y,g,c,g,e,b
p,f,s,b,c,h,t,b
p,x,f,y,c,h,e,b
p,f,y,g,c,g,e,b
p,f,f,g,c,g,e,b
p,x,s,b,c,p,t,b
p,x,y,y,c,p,e,b
p,f,f,y,c,h,e,b
p,f,y,y,c,h,e,b
p,x,s,g,c,h,t,b
p,x,y,g,c,g,e,b
p,x,s,g,c,p,t,b
p,x,s,g,c,h,t,b
p,f,y,p,c,w,e,b
p,x,s,w,c,w,t,b
p,f,y,y,c,g,e,b
p,f,s,g,c,p,t,b
p,f,s,b,c,h,t,b
p,x,s,b,c,w,t,b
e,k,f,c,w,w,e,b
p,x,y,y,c,h,e,b
p,f,f,g,c,p,e,b
p,f,y,y,c,p,e,b
p,f,s,g,c,w,t,b
p,k,y,w,w,w,e,b
e,k,f,n,w,w,e,b
p,f,s,w,c,w,t,b
p,f,y,y,c,g,e,b
p,f,y,y,c,p,e,b
p,x,y,y,c,h,e,b
p,x,y,y,c,p,e,b
p,b,y,w,c,w,e,b
p,f,y,y,c,g,e,b
p,x,s,w,c,p,t,b
p,x,s,b,c,w,t,b
p,f,y,y,c,g,e,b
p,x,s,b,c,p,t,b
p,b,y,b,c,w,e,b
p,x,s,w,c,w,t,b
p,f,s,g,c,w,t,b
p,f,s,g,c,p,t,b
p,f,y,y,c,g,e,b
p,f,s,b,c,p,t,b
p,x,s,w,c,h,t,b
p,f,y,g,c,p,e,b
p,f,s,w,c,w,t,b
e,k,f,n,w,w,e,b
p,f,s,w,c,h,t,b
p,x,s,g,c,h,t,b
p,f,s,w,c,w,e,b
p,f,f,y,c,g,e,b
p,f,y,w,w,w,e,b
p,f,s,b,c,p,t,b
p,f,s,g,c,h,t,b
p,f,y,y,c,g,e,b
p,f,s,g,c,w,t,b
p,f,s,b,c,h,t,b
p,f,f,g,c,p,e,b
p,f,y,y,c,g,e,b
p,f,s,g,c,p,t,b
p,f,s,w,c,p,t,b
e,x,f,c,w,w,e,b
p,f,s,g,c,w,t,b
p,f,f,g,c,p,e,b
p,x,f,y,c,g,e,b
p,x,s,g,c,w,t,b
p,x,s,w,c,h,t,b
p,f,y,y,c,p,e,b
p,b,y,w,c,g,e,b
e,x,y,n,w,w,e,b
p,f,y,y,c,g,e,b
p,x,s,b,c,h,t,b
p,x,s,g,c,h,t,b
p,f,s,g,c,w,t,b
p,f,f,g,c,g,e,b
p,x,s,w,c,w,t,b
p,f,y,g,c,p,e,b
p,x,s,w,c,h,t,b
p,f,s,w,c,w,t,b
p,f,s,g,c,h,t,b
e,x,y,c,w,w,e,b
p,x,s,w,c,h,t,b
p,f,y,p,c,r,e,b
p,f,y,y,c,p,e,b
p,f,y,b,c,r,e,b
p,f,y,y,c,h,e,b
e,f,f,n,w,w,e,b
e,x,f,n,w,w,e,b
p,f,s,g,c,p,t,b
p,x,s,b,c,h,t,b
p,f,s,g,c,w,t,b
p,x,s,b,c,h,t,b
p,f,y,y,c,h,e,b
p,f,s,g,c,h,t,b
p,f,y,y,c,h,e,b
p,f,s,w,c,w,t,b
p,x,s,w,c,w,t,b
p,f,y,g,c,p,e,b
p,f,y,y,c,h,e,b
p,f,y,y,c,p,e,b
p,f,s,g,c,h,t,b
p,f,y,y,c,h,e,b
p,f,y,y,c,g,e,b
p,f,s,w,c,h,t,b
p,f,s,p,c,w,e,b
p,f,y,y,c,h,e,b
p,x,s,b,c,h,t,b
p,x,s,w,c,p,t,b
p,x,s,w,c,h,t,b
p,b,y,p,c,r,e,b
p,x,s,b,c,h,t,b
p,x,y,y,c,p,e,b
p,x,s,w,c,p,t,b
p,f,s,b,c,w,t,b
e,x,f,c,w,w,e,b
e,x,y,n,w,w,e,b
p,f,s,g,c,w,t,b
p,f,s,w,c,p,t,b
p,x,s,b,c,p,t,b
p,x,s,w,c,h,t,b
p,x,f,y,c,h,e,b
p,f,y,y,c,p,e,b
p,f,y,y,c,p,e,b
p,f,y,y,c,p,e,b
e,f,y,c,w,w,e,b
p,f,s,w,c,h,t,b
p,b,y,p,c,r,e,b
p,f,y,y,c,g,e,b
p,x,s,b,c,w,t,b
p,f,y,y,c,g,e,b
p,f,s,b,c,p,t,b
p,f,s,b,c,h,t,b
p,f,y,y,c,h,e,b
p,f,y,y,c,g,e,b
p,f,s,w,c,p,t,b
p,f,y,y,c,h,e,b
p,f,y,y,c,g,e,b
p,b,y,b,c,g,e,b
p,f,s,b,c,h,t,b
p,f,s,g,c,w,t,b
p,x,s,b,c,p,t,b
p,x,f,y,c,h,e,b
p,f,s,w,c,w,t,b
p,x,s,g,c,w,t,b
p,f,y,y,c,p,e,b
p,x,s,b,c,w,t,b
e,x,f,c,w,w,e,b
p,x,s,g,c,h,t,b
p,x,f,y,c,h,e,b
p,f,f,g,c,p,e,b
p,f,y,w,c,g,e,b
p,x,y,g,c,h,e,b
p,f,s,g,c,w,t,b
p,x,s,b,c,w,t,b
p,x,s,g,c,h,t,b
p,f,s,w,c,p,t,b
p,x,s,g,c,w,t,b
p,x,s,g,c,w,t,b
p,f,y,y,c,g,e,b
p,f,y,y,c,p,e,b
p,f,y,g,c,p,e,b
p,x,y,y,c,g,e,b
p,x,s,g,c,w,t,b
p,f,s,b,c,p,t,b
p,f,s,w,c,h,t,b
p,f,f,g,c,p,e,b
p,f,s,b,c,h,t,b
p,x,s,w,c,w,t,b
p,f,y,b,c,w,e,b
p,f,s,w,c,w,t,b
p,f,s,w,c,p,t,b
p,x,s,w,c,w,t,b
p,b,s,p,c,w,e,b
p,f,y,g,c,g,e,b
p,x,y,y,c,g,e,b
p,x,y,g,c,h,e,b
p,f,y,w,c,r,e,b
p,f,s,g,c,h,t,b
p,x,s,w,c,w,t,b
p,f,s,w,c,p,t,b
p,x,f,y,c,p,e,b
p,f,y,g,c,p,e,b
p,x,y,g,c,p,e,b
p,f,y,y,c,g,e,b
p,x,s,b,c,w,t,b
p,f,y,y,c,h,e,b
p,f,y,p,c,g,e,b
p,f,y,w,c,w,e,b
p,f,y,y,c,g,e,b
p,f,y,y,c,h,e,b
p,x,s,w,c,p,t,b
p,x,s,w,c,p,t,b
p,x,s,b,c,p,t,b
p,x,s,g,c,h,t,b
p,f,y,y,c,p,e,b
p,c,y,w,w,w,e,b
p,f,s,w,c,p,t,b
p,f,s,g,c,w,t,b
p,x,s,g,c,w,t,b
p,f,y,y,c,h,e,b
p,x,f,y,c,g,e,b
p,x,s,g,c,h,t,b
e,k,f,n,w,w,e,b
p,x,s,w,c,p,t,b
p,f,y,y,c,p,e,b
p,b,y,b,c,r,e,b
p,f,y,g,c,h,e,b
p,f,s,b,c,p,t,b
p,f,y,y,c,g,e,b
p,f,s,w,c,w,t,b
p,x,f,y,c,g,e,b
p,f,y,y,c,g,e,b
p,f,y,y,c,g,e,b
p,f,s,w,c,p,t,b
e,k,y,c,w,w,e,b
e,k,y,n,w,w,e,b
p,b,s,p,c,r,e,b
p,x,s,b,c,h,t,b
p,x,s,b,c,w,t,b
p,x,s,w,c,p,t,b
p,x,s,w,c,p,t,b
p,f,y,y,c,p,e,b
p,x,s,w,c,w,t,b
p,x,y,y,c,h,e,b
p,f,s,b,c,g,e,b
p,f,f,y,c,h,e,b
p,x,s,g,c,p,t,b
p,b,y,w,c,r,e,b
p,f,y,y,c,g,e,b
p,x,s,b,c,h,t,b
p,x,s,b,c,h,t,b
p,b,y,p,c,g,e,b
e,x,y,c,w,w,e,b
p,x,s,w,c,w,t,b
e,f,y,n,w,w,e,b
p,f,s,g,c,p,t,b
p,b,y,p,c,w,e,b
p,f,s,g,c,w,t,b
p,f,y,y,c,p,e,b
p,f,y,p,c,r,e,b
p,f,s,b,c,p,t,b
e,x,y,c,w,w,e,b
e,f,y,n,w,w,e,b
p,f,s,w,c,r,e,b
p,f,y,y,c,g,e,b
e,k,y,n,w,w,e,b
p,f,s,g,c,p,t,b
p,f,s,w,c,r,e,b
p,f,f,g,c,h,e,b
p,x,f,y,c,p,e,b
p,f,y,y,c,g,e,b
p,b,s,w,c,g,e,b
p,x,s,b,c,p,t,b
e,x,f,c,w,w,e,b
p,f,s,w,c,h,t,b
p,x,f,y,c,h,e,b
p,f,s,g,c,h,t,b
p,f,y,y,c,g,e,b
p,f,s,b,c,p,t,b
e,x,y,n,w,w,e,b
p,f,y,y,c,g,e,b
p,f,f,g,c,g,e,b
p,b,y,b,c,r,e,b
p,f,y,y,c,p,e,b
p,f,f,y,c,g,e,b
p,f,y,w,c,g,e,b
p,f,y,y,c,g,e,b
p,f,y,g,c,g,e,b
p,f,y,y,c,g,e,b
p,f,s,w,c,w,t,b
p,x,s,w,c,w,t,b
p,f,y,g,c,h,e,b
p,f,y,y,c,p,e,b
p,f,y,y,c,p,e,b
p,x,y,y,c,h,e,b
p,f,s,b,c,p,t,b
p,x,y,g,c,g,e,b
p,f,s,g,c,w,t,b
p,x,s,w,c,p,t,b
p,f,s,b,c,h,t,b
p,f,y,y,c,g,e,b
p,x,s,b,c,p,t,b
e,k,f,n,w,w,e,b
p,f,y,y,c,p,e,b
e,k,y,c,w,w,e,b
p,x,f,g,c,p,e,b
p,x,s,b,c,h,t,b
p,x,y,g,c,h,e,b
p,f,y,y,c,p,e,b
p,f,y,y,c,p,e,b
p,x,s,g,c,h,t,b
p,x,s,w,c,w,t,b
p,f,s,b,c,w,t,b
p,x,s,w,c,w,t,b
p,f,y,y,c,p,e,b
e,k,f,c,w,w,e,b
p,x,s,g,c,p,t,b
p,f,y,g,c,h,e,b
p,x,y,y,c,h,e,b
p,f,y,y,c,h,e,b
p,f,y,y,c,p,e,b
p,f,y,y,c,p,e,b
p,f,y,y,c,g,e,b
e,f,f,c,w,w,e,b
p,b,y,b,c,w,e,b
p,x,s,b,c,w,t,b
p,x,s,g,c,w,t,b
p,f,y,y,c,p,e,b
p,x,s,g,c,p,t,b
p,f,s,w,c,p,t,b
p,f,s,b,c,h,t,b
p,x,s,b,c,p,t,b
p,k,g,w,w,w,e,b
p,f,s,g,c,p,t,b
p,f,s,w,c,h,t,b
p,f,s,b,c,p,t,b
p,b,s,w,c,r,e,b
e,f,f,n,w,w,e,b
p,f,s,g,c,p,t,b
p,x,s,w,c,h,t,b
p,f,y,y,c,p,e,b
p,x,s,w,c,h,t,b
p,f,y,w,c,w,e,b
p,f,s,b,c,w,t,b
p,x,s,g,c,p,t,b
p,f,s,g,c,p,t,b
p,f,y,b,c,g,e,b
p,f,y,y,c,g,e,b
p,x,s,b,c,w,t,b
e,k,f,c,w,w,e,b
p,f,s,g,c,p,t,b
p,f,s,w,c,w,t,b
p,b,s,b,c,r,e,b
p,b,s,p,c,r,e,b
p,f,s,w,c,w,t,b
p,x,y,g,c,g,e,b
p,x,s,b,c,p,t,b
p,f,s,p,c,g,e,b
p,x,s,w,c,h,t,b
p,f,s,w,c,h,t,b
p,f,s,w,c,h,t,b
p,f,s,w,c,p,t,b
p,x,s,b,c,p,t,b
p,b,s,p,c,g,e,b
p,x,s,b,c,p,t,b
e,f,y,c,w,w,e,b
p,x,s,b,c,w,t,b
p,f,s,p,c,r,e,b
p,f,y,y,c,g,e,b
p,f,s,w,c,h,t,b
p,x,y,g,c,h,e,b
p,f,s,b,c,w,e,b
p,b,s,p,c,w,e,b
p,x,s,b,c,p,t,b
p,x,y,y,c,h,e,b
p,b,y,w,c,g,e,b
e,f,y,n,w,w,e,b
p,f,f,y,c,g,e,b
p,f,y,y,c,h,e,b
p,f,y,y,c,p,e,b
p,x,s,g,c,h,t,b
p,f,s,w,c,h,t,b
p,f,f,g,c,p,e,b
e,f,f,n,w,w,e,b
p,x,s,g,c,w,t,b
p,f,s,b,c,h,t,b
p,x,s,b,c,h,t,b
p,f,y,y,c,p,e,b
p,f,s,w,c,p,t,b
p,f,s,g,c,h,t,b
p,f,y,y,c,p,e,b
e,f,f,c,w,w,e,b
p,f,s,w,c,p,t,b
p,f,y,g,c,h,e,b
p,x,s,w,c,w,t,b
p,f,y,y,c,p,e,b
p,f,y,y,c,p,e,b
p,f,s,g,c,p,t,b
p,f,y,y,c,p,e,b
p,x,s,w,c,w,t,b
p,f,y,y,c,p,e,b
p,f,y,w,c,r,e,b
p,f,s,g,c,p,t,b
p,f,s,w,c,w,e,b
p,x,y,y,c,g,e,b
p,f,s,g,c,h,t,b
p,f,y,y,c,g,e,b
p,x,f,y,c,h,e,b
p,f,y,y,c,h,e,b
p,x,s,g,c,p,t,b
p,f,s,w,c,w,t,b
p,x,s,g,c,w,t,b
p,f,y,y,c,g,e,b
p,b,s,w,c,w,e,b
p,b,s,b,c,w,e,b
p,f,f,y,c,p,e,b
p,x,y,g,c,g,e,b
p,f,s,b,c,r,e,b
p,x,s,g,c,w,t,b
p,f,s,b,c,g,e,b
p,f,y,y,c,h,e,b
p,f,s,g,c,w,t,b
p,f,y,y,c,g,e,b
p,x,s,g,c,h,t,b
p,f,s,g,c,h,t,b
p,x,s,b,c,h,t,b
p,x,f,y,c,h,e,b
p,b,s,w,c,r,e,b
p,f,y,y,c,p,e,b
p,x,s,b,c,p,t,b
p,f,s,g,c,w,t,b
p,f,s,b,c,p,t,b
p,f,y,y,c,p,e,b
p,f,s,w,c,h,t,b
p,f,s,b,c,p,t,b
p,f,s,g,c,h,t,b
p,f,y,y,c,p,e,b
p,f,s,w,c,g,e,b
p,f,y,g,c,p,e,b
e,x,f,n,w,w,e,b
p,f,y,y,c,p,e,b
p,x,s,w,c,p,t,b
p,x,s,g,c,w,t,b
p,f,f,g,c,p,e,b
p,x,s,w,c,h,t,b
p,x,f,y,c,h,e,b
p,f,s,w,c,p,t,b
p,f,y,y,c,g,e,b
p,x,s,g,c,p,t,b
p,f,s,b,c,w,t,b
p,f,y,y,c,g,e,b
p,x,s,b,c,h,t,b
p,f,s,w,c,h,t,b
p,f,y,y,c,g,e,b
p,f,y,y,c,p,e,b
p,f,y,g,c,h,e,b
p,f,f,g,c,g,e,b
p,b,s,p,c,g,e,b
p,b,s,w,c,w,e,b
p,f,s,b,c,w,t,b
p,x,s,g,c,w,t,b
p,b,y,p,c,g,e,b
p,x,s,g,c,w,t,b
p,x,s,g,c,p,t,b
p,x,f,y,c,p,e,b
p,f,y,b,c,w,e,b
p,x,s,b,c,h,t,b
p,b,s,b,c,r,e,b
e,x,y,n,w,w,e,b
p,x,f,y,c,p,e,b
p,f,s,b,c,h,t,b
p,f,y,y,c,g,e,b
p,f,f,y,c,h,e,b
p,f,y,y,c,h,e,b
p,x,y,y,c,g,e,b
p,x,s,g,c,p,t,b
e,f,y,n,w,w,e,b
p,f,y,b,c,g,e,b
p,f,y,g,c,h,e,b
p,f,f,g,c,h,e,b
p,f,f,g,c,p,e,b
p,x,s,g,c,p,t,b
p,f,s,p,c,g,e,b
p,f,s,b,c,w,t,b
p,x,s,b,c,w,t,b
p,f,s,b,c,w,t,b
e,x,f,n,w,w,e,b
p,f,y,y,c,p,e,b
p,f,s,w,c,w,t,b
p,f,s,p,c,r,e,b
p,f,y,y,c,p,e,b
p,f,s,g,c,h,t,b
p,f,y,y,c,g,e,b
p,f,s,g,c,h,t,b
p,f,s,w,c,h,t,b
p,f,f,y,c,p,e,b
p,b,y,b,c,g,e,b
p,f,y,y,c,g,e,b
p,f,s,b,c,p,t,b
p,f,y,y,c,g,e,b
e,x,s,c,c,w,e,b
p,x,y,e,c,w,e,c
p,k,y,c,c,w,e,c
p,k,y,n,c,w,e,c
e,x,y,c,c,w,e,b
p,b,y,y,w,y,e,c
e,x,y,p,c,w,e,b
e,f,y,n,c,w,e,b
p,f,y,e,c,w,e,c
e,b,s,n,c,w,e,b
e,x,s,n,c,w,e,b
e,b,s,n,c,w,e,b
p,k,y,e,c,y,e,c
e,f,s,g,c,w,e,b
p,k,y,c,c,w,e,c
e,x,s,p,c,w,e,b
p,x,y,n,c,w,e,c
e,f,s,c,c,w,e,b
p,f,y,n,c,w,e,c
p,x,y,c,c,y,e,c
p,k,y,n,c,w,e,c
e,x,y,g,c,w,e,b
p,f,y,c,c,w,e,c
p,f,y,n,c,y,e,c
e,f,y,c,c,w,e,b
e,k,y,n,c,w,e,b
p,f,y,e,c,y,e,c
p,f,y,n,c,w,e,c
p,x,y,e,c,y,e,c
e,f,y,n,c,w,e,b
p,k,y,y,w,y,e,c
e,x,s,g,c,w,e,b
p,x,y,n,c,y,e,c
p,f,y,e,c,w,e,c
p,k,y,c,c,y,e,c
e,f,y,p,c,w,e,b
e,x,s,c,c,w,e,b
p,f,y,y,w,w,e,c
p,x,y,c,c,w,e,c
e,x,y,p,c,w,e,b
e,f,s,n,c,w,e,b
p,k,y,n,c,y,e,c
p,c,y,y,w,y,e,c
e,x,s,g,c,w,e,b
e,f,s,p,c,w,e,b
e,f,y,n,c,w,e,b
e,k,y,n,c,w,e,b
p,x,y,e,c,w,e,c
p,k,y,n,c,y,e,c
e,f,s,n,c,w,e,b
p,f,y,y,w,y,e,c
p,f,y,e,c,y,e,c
e,x,s,n,c,w,e,b
p,f,y,c,c,y,e,c
e,f,s,p,c,w,e,b
e,k,s,n,c,w,e,b
e,x,s,n,c,w,e,b
p,b,y,y,w,w,e,c
e,x,s,n,c,w,e,b
p,x,y,e,c,y,e,c
e,f,y,c,c,w,e,b
e,f,y,n,c,w,e,b
e,f,s,g,c,w,e,b
e,x,s,p,c,w,e,b
p,c,y,y,w,w,e,c
p,k,y,e,c,y,e,c
p,x,y,c,c,w,e,c
e,b,y,n,c,w,e,b
e,x,y,n,c,w,e,b
p,x,y,n,c,y,e,c
p,k,y,y,w,w,e,c
e,k,s,n,c,w,e,b
p,f,y,c,c,w,e,c
p,x,y,n,c,w,e,c
p,k,y,e,c,w,e,c
e,x,y,n,c,w,e,b
e,f,y,g,c,w,e,b
p,f,y,n,c,y,e,c
e,f,y,p,c,w,e,b
e,f,s,n,c,w,e,b
e,f,y,g,c,w,e,b
p,k,y,e,c,w,e,c
e,x,y,c,c,w,e,b
e,f,s,c,c,w,e,b
e,x,y,n,c,w,e,b
p,k,y,c,c,y,e,c
e,f,s,n,c,w,e,b
e,b,y,n,c,w,e,b
e,x,y,n,c,w,e,b
e,x,y,g,c,w,e,b
p,x,y,c,c,y,e,c
p,f,y,c,c,y,e,c
